distance,duration,gender,age_group
0.0,0.0,F,18 - 34
70.33,394.2,M,35 - 54
14.65,79.06666666666666,M,35 - 54
41.41,195.66666666666663,M,18 - 34
41.34,209.1,M,35 - 54
60.18,289.6,F,35 - 54
67.89,375.5333333333333,M,55 +
0.0,0.0,M,35 - 54
22.41,140.95,M,35 - 54
6.08,39.66666666666666,M,35 - 54
10.18,65.86666666666667,M,55 +
26.97,140.06666666666666,M,35 - 54
57.1,313.1166666666667,M,35 - 54
0.0,0.0,M,35 - 54
47.48,240.96666666666667,M,35 - 54
105.74,492.0,M,35 - 54
28.59,150.15,M,35 - 54
7.02,49.766666666666666,M,35 - 54
80.1,491.05,M,35 - 54
22.72,134.95,M,35 - 54
70.60000000000001,632.25,M,18 - 34
51.74,288.2,M,18 - 34
13.27,61.650000000000006,M,18 - 34
7.8,51.333333333333336,M,35 - 54
10.92,51.68333333333333,M,18 - 34
18.03,80.0,M,35 - 54
30.22,281.78333333333336,F,55 +
0.0,0.0,M,18 - 34
10.04,65.0,M,55 +
32.89,171.0,M,35 - 54
12.0,71.0,M,35 - 54
50.94,392.15,F,35 - 54
112.3,516.5166666666667,M,18 - 34
0.0,0.0,M,35 - 54
7.32,60.0,M,35 - 54
37.6,242.81666666666663,M,55 +
7.800000000000001,38.5,M,18 - 34
0.0,0.0,F,35 - 54
29.77,173.98333333333335,M,35 - 54
16.07,80.05,M,35 - 54
32.37,190.0,M,35 - 54
0.0,0.0,F,35 - 54
42.28,215.15,M,35 - 54
36.43,160.46666666666667,M,35 - 54
14.71,74.63333333333333,M,35 - 54
0.0,0.0,F,35 - 54
28.24,146.11666666666667,M,35 - 54
27.47,145.0,M,35 - 54
48.63,262.6,M,35 - 54
35.48,236.7,M,35 - 54
0.0,0.0,M,35 - 54
62.04,317.7833333333333,M,35 - 54
0.0,0.0,M,55 +
17.509999999999998,94.28333333333332,M,35 - 54
38.38,193.25,M,35 - 54
4.99,28.73333333333333,M,35 - 54
114.0,485.45,M,35 - 54
123.7,634.3166666666666,M,35 - 54
0.0,0.0,M,35 - 54
0.0,0.0,M,35 - 54
10.02,57.16666666666667,F,18 - 34
35.45,236.6,M,35 - 54
0.0,0.0,M,18 - 34
0.0,0.0,M,55 +
26.41,141.75,M,35 - 54
32.11,214.8333333333333,M,18 - 34
21.23,120.25,M,18 - 34
46.67,256.7166666666667,M,55 +
102.59,440.0833333333333,M,35 - 54
4.84,24.95,M,18 - 34
10.5,46.86666666666667,M,35 - 54
20.74,113.8,M,18 - 34
16.09,115.88333333333333,F,35 - 54
58.8,314.2,M,35 - 54
0.0,0.0,M,35 - 54
7.55,31.05,M,18 - 34
54.74,375.1833333333333,F,35 - 54
70.77,356.08333333333337,M,35 - 54
36.17,455.0,M,35 - 54
71.46000000000001,400.5,F,55 +
89.31,375.4,M,35 - 54
4.94,35.25,M,35 - 54
21.32,161.9,M,35 - 54
26.77,138.4,M,35 - 54
0.0,0.0,F,35 - 54
78.2,361.8833333333333,M,55 +
28.19,136.4,M,35 - 54
5.39,25.666666666666668,M,18 - 34
4.88,23.683333333333334,M,35 - 54
1.96,31.516666666666666,M,18 - 34
108.73,489.73333333333335,M,35 - 54
4.2,28.03333333333333,M,35 - 54
12.55,59.41666666666666,M,35 - 54
28.78,188.21666666666667,M,35 - 54
45.95,210.56666666666663,M,18 - 34
0.0,0.0,M,35 - 54
0.0,0.0,M,35 - 54
64.299,369.95,M,35 - 54
15.08,85.03333333333333,M,18 - 34
15.46,115.3,M,35 - 54
84.63,416.01666666666665,M,35 - 54
108.87,509.6,M,18 - 34
131.809,630.05,M,35 - 54
36.04,187.25,M,35 - 54
0.0,0.0,M,35 - 54
20.19,98.35,M,18 - 34
103.339,436.56666666666666,M,18 - 34
56.33,341.1333333333333,M,55 +
94.69,465.7166666666666,M,35 - 54
17.23,107.05,M,18 - 34
17.76,99.83333333333334,M,18 - 34
21.01,129.23333333333335,F,35 - 54
15.03,79.0,M,18 - 34
0.0,0.0,M,35 - 54
25.94,176.56666666666666,F,18 - 34
0.0,0.0,F,18 - 34
161.87,739.0,F,18 - 34
99.399,547.0,M,55 +
31.06,192.1833333333333,F,35 - 54
0.0,0.0,M,35 - 54
75.309,417.65,F,35 - 54
7.15,45.21666666666667,M,35 - 54
14.54,99.71666666666668,M,35 - 54
132.01,688.15,F,18 - 34
6.07,36.083333333333336,M,18 - 34
0.0,0.0,M,35 - 54
68.68,333.05,M,35 - 54
56.98,280.7833333333333,M,35 - 54
72.61,489.7166666666667,M,55 +
36.988,186.1,M,18 - 34
68.66,365.06666666666666,M,35 - 54
88.27,459.5,M,55 +
62.76,448.06666666666666,M,35 - 54
23.51,138.28333333333333,M,55 +
0.0,0.0,M,18 - 34
63.06,334.1166666666667,M,55 +
62.52,288.83333333333337,M,35 - 54
77.55,367.73333333333335,M,18 - 34
106.81,519.3666666666667,M,35 - 54
8.119,42.03333333333333,M,35 - 54
78.86999999999999,368.58333333333337,M,35 - 54
0.0,0.0,M,35 - 54
25.95,128.36666666666667,M,35 - 54
33.08,190.26666666666665,F,35 - 54
49.14,285.81666666666666,M,18 - 34
38.13,237.75,M,35 - 54
33.08,183.0,M,35 - 54
26.26,145.38333333333333,M,35 - 54
58.789,278.6166666666667,M,35 - 54
36.7,190.56666666666663,M,35 - 54
5.4,29.58333333333333,M,18 - 34
21.18,123.2,F,18 - 34
10.0,54.21666666666667,M,35 - 54
17.59,104.75,M,18 - 34
32.22,174.55,M,35 - 54
41.62,198.65,M,18 - 34
0.0,0.0,M,55 +
0.0,0.0,F,18 - 34
0.0,0.0,M,35 - 54
39.44,276.0,M,18 - 34
21.49,105.06666666666666,M,35 - 54
24.15,148.41666666666669,M,55 +
27.55,177.23333333333335,F,35 - 54
0.0,0.0,M,18 - 34
39.98,261.0,M,18 - 34
28.38,222.65,M,35 - 54
0.0,0.0,M,18 - 34
0.1,7.766666666666667,M,55 +
0.0,0.0,M,35 - 54
22.73,139.26666666666665,F,35 - 54
0.0,0.0,F,18 - 34
0.0,0.0,M,35 - 54
13.93,75.0,M,18 - 34
0.0,0.0,M,35 - 54
0.0,0.0,M,18 - 34
44.278,194.38333333333333,M,35 - 54
0.0,0.0,M,35 - 54
32.54,158.95,M,35 - 54
52.82,238.96666666666667,M,35 - 54
65.53,393.6166666666667,M,35 - 54
7.47,35.36666666666667,M,18 - 34
0.0,0.0,M,18 - 34
22.78,136.46666666666667,M,35 - 54
56.2,301.65,F,55 +
10.09,107.81666666666666,F,35 - 54
7.51,48.083333333333336,M,55 +
32.42,190.01666666666665,M,35 - 54
36.29,207.55,M,35 - 54
20.02,117.0,M,35 - 54
16.65,79.66666666666666,M,35 - 54
53.44,256.6,M,35 - 54
27.680000000000003,151.41666666666666,M,35 - 54
34.98,193.31666666666663,M,35 - 54
49.43,299.4166666666667,F,18 - 34
11.28,73.81666666666666,M,35 - 54
96.01,434.9333333333333,M,18 - 34
44.93,243.8333333333333,M,18 - 34
27.21,146.56666666666666,M,18 - 34
0.0,0.0,M,35 - 54
0.0,0.0,M,35 - 54
43.37,196.65,M,35 - 54
35.43,167.25,M,35 - 54
0.0,0.0,M,35 - 54
40.19,207.66666666666663,M,35 - 54
0.0,0.0,M,35 - 54
25.3,121.0,M,35 - 54
49.67,238.63333333333333,M,35 - 54
15.31,67.4,M,35 - 54
20.36,118.96666666666668,F,35 - 54
0.0,0.0,M,35 - 54
8.85,43.25,F,35 - 54
49.11,239.78333333333333,M,35 - 54
21.66,139.88333333333333,M,35 - 54
32.59,178.75,F,35 - 54
76.58,447.5333333333333,F,18 - 34
19.9,159.1,F,35 - 54
109.06,465.6,M,18 - 34
0.0,0.0,M,35 - 54
74.62,331.0333333333333,M,18 - 34
0.0,0.0,M,35 - 54
29.51,150.63333333333333,F,18 - 34
55.39,400.35,F,35 - 54
0.0,0.0,M,18 - 34
0.0,0.0,F,35 - 54
0.0,0.0,M,18 - 34
13.229,56.06666666666666,M,18 - 34
26.19,146.0,M,35 - 54
62.79,296.06666666666666,M,35 - 54
38.91,178.51666666666665,M,35 - 54
0.0,0.0,M,55 +
0.0,0.0,M,18 - 34
17.08,95.08333333333331,M,35 - 54
63.61,323.0,M,35 - 54
17.54,99.65,M,35 - 54
38.72,213.0,M,35 - 54
51.96,296.1166666666667,F,35 - 54
8.42,67.0,M,35 - 54
0.0,0.0,F,35 - 54
0.0,0.0,F,35 - 54
0.0,0.0,M,18 - 34
14.93,98.56666666666666,F,35 - 54
0.0,0.0,M,35 - 54
37.88,222.38333333333333,M,35 - 54
51.49,254.31666666666663,M,35 - 54
36.38,209.38333333333333,F,35 - 54
85.59,487.9,M,18 - 34
0.0,0.0,F,18 - 34
45.81,241.53333333333333,M,18 - 34
13.98,70.0,M,35 - 54
46.28,255.65,M,35 - 54
39.44,285.6333333333333,F,18 - 34
0.0,0.0,M,35 - 54
37.909,217.1833333333333,M,18 - 34
78.02000000000001,389.95,M,35 - 54
22.74,125.73333333333332,M,35 - 54
0.0,0.0,M,35 - 54
11.47,58.3,M,35 - 54
0.0,0.0,F,18 - 34
20.7,156.0,M,18 - 34
32.47,153.4,M,35 - 54
97.45,942.0,M,55 +
73.8,368.15,M,35 - 54
14.66,78.28333333333333,M,35 - 54
10.72,62.0,M,35 - 54
0.0,0.0,M,35 - 54
27.62,149.81666666666666,M,18 - 34
0.0,0.0,F,18 - 34
26.4,135.13333333333333,M,35 - 54
61.2,346.06666666666666,F,18 - 34
83.94,445.65,M,18 - 34
72.53999999999999,441.0,M,55 +
0.0,0.0,M,35 - 54
0.0,0.0,M,55 +
69.5,347.0833333333333,F,18 - 34
45.11,207.6833333333333,M,18 - 34
23.99,139.13333333333333,M,35 - 54
44.74,269.15,M,18 - 34
29.24,139.03333333333333,F,35 - 54
74.06,333.7166666666667,M,18 - 34
0.0,0.0,F,35 - 54
7.78,48.05,M,18 - 34
39.16,240.28333333333333,M,18 - 34
16.94,94.61666666666667,M,35 - 54
40.25,222.55,M,35 - 54
4.79,28.03333333333333,F,18 - 34
0.0,0.0,M,35 - 54
4.9,37.16666666666666,F,35 - 54
9.54,43.63333333333334,M,18 - 34
0.0,0.0,M,35 - 54
13.94,82.28333333333333,M,35 - 54
54.8,235.38333333333333,M,18 - 34
5.14,73.66666666666666,M,35 - 54
25.14,130.21666666666667,M,18 - 34
0.0,0.0,M,18 - 34
51.760000000000005,247.0,M,35 - 54
0.0,0.0,M,35 - 54
21.9,111.51666666666668,M,35 - 54
3.51,18.066666666666663,M,35 - 54
19.01,99.0,M,35 - 54
13.82,74.93333333333334,M,35 - 54
68.11,354.9,M,18 - 34
76.04,409.1833333333333,M,35 - 54
15.29,84.0,M,35 - 54
63.42,285.2833333333333,M,35 - 54
34.1,239.0,M,35 - 54
28.24,174.38333333333333,F,18 - 34
41.32,372.6666666666666,M,35 - 54
26.169,162.95,M,18 - 34
17.009999999999998,85.25,M,35 - 54
0.0,0.0,M,35 - 54
27.39,154.31666666666666,M,35 - 54
0.0,0.0,M,35 - 54
99.08,803.75,F,35 - 54
39.58,251.2333333333333,M,35 - 54
52.69,310.7333333333333,M,55 +
78.19,402.0,M,18 - 34
0.0,0.0,M,18 - 34
0.0,0.0,M,35 - 54
0.0,0.0,F,35 - 54
10.92,68.0,M,55 +
24.07,115.23333333333332,M,18 - 34
21.53,121.28333333333332,F,35 - 54
0.0,0.0,M,35 - 54
0.0,0.0,F,35 - 54
15.97,88.5,F,35 - 54
15.44,93.9,F,35 - 54
0.0,0.0,M,18 - 34
0.0,0.0,M,35 - 54
3.07,17.6,M,35 - 54
56.81,281.1,M,35 - 54
0.0,0.0,M,18 - 34
26.05,129.48333333333335,M,35 - 54
62.86,294.4833333333333,F,18 - 34
56.02,336.95,M,35 - 54
0.0,0.0,M,55 +
0.0,0.0,M,18 - 34
80.64,396.73333333333335,M,18 - 34
36.6,167.71666666666667,M,18 - 34
31.91,265.5833333333333,M,35 - 54
80.22,328.05,M,18 - 34
39.66,295.93333333333334,M,35 - 54
22.52,104.75,F,35 - 54
61.09,280.5833333333333,M,18 - 34
0.0,0.0,M,55 +
0.0,0.0,M,35 - 54
108.17,759.0,M,35 - 54
60.17,336.56666666666666,M,35 - 54
46.2,245.35,M,35 - 54
25.71,135.4,M,35 - 54
11.34,91.0,M,35 - 54
0.0,0.0,M,18 - 34
0.0,0.0,M,35 - 54
9.88,60.016666666666666,M,35 - 54
8.44,43.98333333333333,M,35 - 54
5.69,40.45,F,35 - 54
0.0,0.0,M,35 - 54
12.9,67.0,F,18 - 34
0.0,0.0,M,35 - 54
39.43,225.16666666666663,M,35 - 54
10.0,51.21666666666667,M,35 - 54
16.299,74.85,M,18 - 34
42.56,222.96666666666667,M,35 - 54
0.0,0.0,M,35 - 54
0.0,0.0,M,35 - 54
0.0,0.0,M,35 - 54
7.27,44.5,M,35 - 54
76.04,363.65,F,18 - 34
21.58,144.33333333333334,M,35 - 54
0.0,0.0,M,18 - 34
50.339,263.40000000000003,F,35 - 54
96.209,426.55,M,35 - 54
56.14,253.95,M,18 - 34
0.0,0.0,M,35 - 54
43.31,203.13333333333333,M,35 - 54
16.739,92.85,M,35 - 54
22.55,142.23333333333335,F,35 - 54
61.64,301.93333333333334,M,35 - 54
43.11,194.6833333333333,M,35 - 54
9.48,46.11666666666667,M,35 - 54
7.43,67.0,F,35 - 54
59.82,315.45,M,18 - 34
0.0,0.0,M,55 +
29.130000000000003,145.6,M,35 - 54
27.9,144.0,M,35 - 54
15.04,83.76666666666667,M,35 - 54
45.1,232.01666666666665,M,18 - 34
73.13,362.8666666666667,M,35 - 54
0.0,0.0,F,18 - 34
7.66,42.016666666666666,M,18 - 34
8.05,39.05,M,55 +
50.209,241.3333333333333,M,18 - 34
15.760000000000002,105.18333333333334,F,18 - 34
20.0,130.73333333333335,F,35 - 54
0.0,0.0,F,55 +
16.63,113.0,M,55 +
65.16,395.51666666666665,M,55 +
0.0,0.0,M,35 - 54
0.0,0.0,M,35 - 54
0.0,0.0,F,35 - 54
96.85,602.3833333333333,M,18 - 34
58.84,326.0,M,35 - 54
0.0,0.0,M,35 - 54
0.0,0.0,M,18 - 34
111.55,509.0,M,18 - 34
77.28999999999999,343.31666666666666,M,35 - 54
0.0,0.0,M,35 - 54
3.91,21.53333333333333,M,18 - 34
0.0,0.0,M,18 - 34
33.85,172.76666666666665,M,18 - 34
0.0,0.0,M,35 - 54
41.99,248.28333333333336,F,18 - 34
25.99,128.8,M,35 - 54
62.65,409.48333333333335,F,35 - 54
0.0,0.0,M,35 - 54
6.59,37.8,M,35 - 54
0.0,0.0,M,35 - 54
0.0,0.0,M,18 - 34
10.28,61.266666666666666,M,35 - 54
21.68,145.13333333333333,M,55 +
47.409,266.35,M,35 - 54
15.81,85.25,M,18 - 34
57.49,329.81666666666666,M,35 - 54
20.54,127.58333333333331,M,35 - 54
5.01,28.33333333333333,M,18 - 34
0.0,0.0,M,35 - 54
0.0,0.0,M,35 - 54
52.11,474.8333333333333,M,35 - 54
23.11,135.73333333333335,M,35 - 54
18.81,91.93333333333334,M,35 - 54
0.0,0.0,M,35 - 54
16.59,78.43333333333334,F,18 - 34
41.040000000000006,246.56666666666663,M,35 - 54
27.53,160.48333333333335,F,18 - 34
0.0,0.0,M,35 - 54
26.26,135.0,M,35 - 54
5.72,30.683333333333334,F,35 - 54
0.0,0.0,M,35 - 54
15.47,74.86666666666666,M,35 - 54
56.36000000000001,285.01666666666665,F,18 - 34
9.03,69.95,F,35 - 54
46.71,280.9666666666667,M,35 - 54
6.34,35.4,M,35 - 54
0.0,0.0,M,18 - 34
13.8,141.0,M,35 - 54
4.699999999999999,96.31666666666666,M,18 - 34
42.28,254.7,M,35 - 54
29.47,149.28333333333333,F,35 - 54
2.56,11.9,M,18 - 34
49.56,283.6666666666667,M,55 +
32.129999999999995,246.5833333333333,F,35 - 54
0.0,0.0,M,35 - 54
40.37,186.1,M,35 - 54
26.56,261.18333333333334,M,55 +
62.71,297.7833333333333,M,35 - 54
0.0,0.0,M,18 - 34
7.039,46.91666666666667,F,35 - 54
74.46,470.06666666666666,M,35 - 54
0.0,0.0,M,35 - 54
14.2,117.3,M,18 - 34
26.24,153.08333333333334,F,18 - 34
79.61,368.9,M,18 - 34
21.6,111.26666666666668,M,35 - 54
15.89,86.53333333333333,F,35 - 54
11.52,56.41666666666667,M,35 - 54
61.6,349.05,M,35 - 54
49.868,255.6,M,55 +
5.0,65.0,F,35 - 54
42.799,265.3833333333333,M,35 - 54
76.26,393.1666666666666,M,18 - 34
0.0,0.0,F,18 - 34
16.5,102.03333333333332,M,18 - 34
13.18,55.66666666666667,M,18 - 34
19.28,107.28333333333332,F,35 - 54
26.29,153.78333333333333,F,18 - 34
61.82,379.6333333333333,F,35 - 54
139.35,682.5833333333334,M,18 - 34
16.76,81.78333333333333,M,18 - 34
0.0,0.0,F,35 - 54
0.0,0.0,M,18 - 34
16.61,95.26666666666668,M,35 - 54
23.09,123.0,M,35 - 54
4.82,25.55,M,18 - 34
33.510000000000005,171.0,M,18 - 34
36.66,267.3833333333333,M,35 - 54
0.0,0.0,M,18 - 34
0.0,0.0,M,35 - 54
51.76,276.81666666666666,M,35 - 54
66.1,421.15,M,35 - 54
0.0,0.0,M,18 - 34
81.76,400.3833333333333,F,18 - 34
85.75,623.7166666666667,M,35 - 54
17.54,89.6,M,35 - 54
5.15,26.833333333333336,M,35 - 54
39.67,220.8,F,18 - 34
0.0,0.0,F,18 - 34
13.68,69.11666666666667,M,55 +
32.0,207.0,M,35 - 54
166.58,705.4,M,18 - 34
0.0,0.0,M,35 - 54
16.560000000000002,173.5,F,35 - 54
19.290000000000003,111.28333333333332,M,18 - 34
83.61,380.6333333333333,M,18 - 34
4.76,23.666666666666668,M,35 - 54
0.0,0.0,F,35 - 54
0.0,0.0,M,18 - 34
36.26,189.0,M,18 - 34
8.04,39.9,M,35 - 54
0.0,0.0,M,35 - 54
23.09,117.06666666666666,M,55 +
0.0,0.0,M,18 - 34
42.75,214.0,M,18 - 34
87.55,406.6166666666667,M,18 - 34
17.240000000000002,129.0,F,35 - 54
0.0,0.0,F,18 - 34
0.0,0.0,M,18 - 34
25.37,173.0,M,35 - 54
22.39,110.31666666666666,M,35 - 54
36.33,217.3333333333333,M,18 - 34
10.28,60.0,F,55 +
93.58,545.0,M,18 - 34
0.0,0.0,M,35 - 54
110.14,492.05,M,35 - 54
0.0,0.0,M,35 - 54
0.0,0.0,M,18 - 34
72.21000000000001,363.75,M,35 - 54
16.089,84.43333333333334,M,35 - 54
8.04,39.23333333333333,M,18 - 34
39.56,171.0,M,18 - 34
0.0,0.0,M,18 - 34
12.7,103.63333333333333,F,35 - 54
67.16,374.25,M,35 - 54
0.0,0.0,M,35 - 54
7.09,41.93333333333334,M,18 - 34
84.64,381.45,M,18 - 34
8.99,51.1,F,18 - 34
0.0,0.0,M,18 - 34
6.95,31.933333333333334,M,18 - 34
0.0,0.0,M,35 - 54
56.38,271.4833333333333,M,18 - 34
0.0,0.0,M,18 - 34
72.889,452.75,M,35 - 54
18.23,80.96666666666667,M,18 - 34
57.14,377.5,F,55 +
73.79,309.35,M,35 - 54
108.96,574.7666666666667,M,35 - 54
59.1,315.0,M,18 - 34
5.62,31.116666666666667,M,35 - 54
42.43,232.36666666666667,M,35 - 54
85.36,394.6166666666667,M,35 - 54
19.8,126.75,F,18 - 34
0.0,0.0,M,18 - 34
58.91,295.1,M,55 +
99.33,538.35,M,35 - 54
35.0,161.01666666666665,M,35 - 54
30.79,159.18333333333334,M,18 - 34
33.92,162.33333333333331,M,35 - 54
125.79,506.2166666666667,M,18 - 34
0.0,0.0,M,35 - 54
45.13,248.15,M,18 - 34
36.41,267.9166666666667,F,35 - 54
33.36,180.9333333333333,F,35 - 54
19.15,152.1,M,35 - 54
49.42,233.56666666666663,M,35 - 54
16.12,89.85,M,18 - 34
51.29,339.2,F,55 +
67.06,286.4833333333333,M,35 - 54
25.05,131.23333333333335,F,35 - 54
120.93,585.4,M,35 - 54
34.84,202.91666666666663,F,35 - 54
22.32,127.0,M,35 - 54
14.81,79.96666666666667,M,35 - 54
5.15,30.566666666666663,F,35 - 54
14.91,93.55,F,35 - 54
0.0,0.0,M,35 - 54
0.0,0.0,M,18 - 34
35.230000000000004,173.05,M,35 - 54
5.5,27.766666666666666,M,35 - 54
44.93,245.78333333333333,F,35 - 54
30.1,145.1,M,18 - 34
71.53999999999999,398.0,M,35 - 54
47.04,228.61666666666667,M,55 +
26.0,145.68333333333334,M,35 - 54
0.0,0.0,M,35 - 54
0.0,0.0,M,35 - 54
0.0,0.0,F,18 - 34
40.43,255.35,M,35 - 54
73.59,319.1333333333333,M,18 - 34
5.07,31.28333333333333,F,18 - 34
10.66,55.88333333333333,M,35 - 54
4.92,26.516666666666666,M,55 +
32.56,141.78333333333333,M,35 - 54
28.01,229.15,M,55 +
15.079999999999998,92.2,M,35 - 54
99.27,596.0333333333333,M,35 - 54
83.65,446.83333333333337,M,18 - 34
10.57,50.883333333333326,M,18 - 34
0.0,0.0,M,35 - 54
45.3,301.4166666666667,F,35 - 54
35.650000000000006,181.51666666666668,M,35 - 54
0.0,0.0,F,35 - 54
87.4,415.73333333333335,F,35 - 54
80.07,346.01666666666665,M,35 - 54
37.11,170.88333333333333,M,35 - 54
0.0,0.0,M,18 - 34
106.94,680.6166666666667,M,35 - 54
35.77,193.4333333333333,M,35 - 54
0.0,0.0,M,18 - 34
63.93,312.65,M,35 - 54
11.28,57.96666666666667,M,18 - 34
54.68,287.0,M,35 - 54
65.21,317.18333333333334,M,18 - 34
13.13,79.0,M,35 - 54
0.0,0.0,M,35 - 54
22.93,131.23333333333335,F,35 - 54
20.22,99.48333333333332,M,18 - 34
27.49,147.06666666666666,M,35 - 54
19.09,101.6,M,35 - 54
27.07,124.3,M,35 - 54
18.56,106.65,M,18 - 34
18.28,121.18333333333334,F,18 - 34
0.0,0.0,M,35 - 54
18.42,107.18333333333334,M,35 - 54
0.0,0.0,M,35 - 54
28.96,140.0,M,18 - 34
0.0,0.0,M,35 - 54
0.0,0.0,F,35 - 54
37.29,192.25,F,35 - 54
71.52,376.1333333333333,F,35 - 54
0.0,0.0,M,35 - 54
40.31,276.9,M,35 - 54
50.56999999999999,275.9166666666667,M,35 - 54
75.59,401.1333333333333,M,35 - 54
8.49,46.6,M,18 - 34
9.71,64.76666666666667,M,18 - 34
36.92,235.11666666666667,M,35 - 54
10.67,59.95,M,18 - 34
86.10000000000001,470.15,M,35 - 54
52.3,292.43333333333334,M,35 - 54
0.0,0.0,M,18 - 34
0.0,0.0,F,18 - 34
13.43,61.45,M,18 - 34
45.73,205.5,M,35 - 54
0.0,0.0,M,35 - 54
28.75,143.45,M,35 - 54
10.04,54.016666666666666,M,18 - 34
4.98,30.166666666666668,F,18 - 34
0.0,0.0,M,55 +
30.49,168.31666666666666,F,18 - 34
0.0,0.0,M,18 - 34
23.51,118.73333333333332,M,35 - 54
0.0,0.0,M,18 - 34
0.0,0.0,F,35 - 54
32.370000000000005,185.56666666666663,M,35 - 54
5.79,30.183333333333334,M,35 - 54
53.14,316.51666666666665,F,18 - 34
52.34,266.75,M,35 - 54
36.379,210.91666666666663,F,35 - 54
57.2,284.8666666666667,M,18 - 34
87.06,492.0,F,35 - 54
6.28,31.133333333333333,M,18 - 34
9.72,54.3,M,35 - 54
39.74,262.96666666666664,F,35 - 54
0.0,0.0,M,35 - 54
2.12,15.15,M,55 +
30.58,147.5,M,35 - 54
0.0,0.0,M,18 - 34
25.2,116.91666666666666,M,35 - 54
23.55,110.93333333333334,M,35 - 54
4.61,34.28333333333333,F,18 - 34
25.15,116.9,M,18 - 34
27.67,189.0,M,35 - 54
197.369,798.7666666666667,M,35 - 54
0.0,0.0,M,18 - 34
38.16,203.13333333333333,M,18 - 34
0.0,0.0,M,35 - 54
38.620000000000005,222.75,M,18 - 34
0.0,0.0,M,18 - 34
49.9,255.03333333333333,M,35 - 54
0.0,0.0,M,35 - 54
0.0,0.0,F,18 - 34
0.0,0.0,M,18 - 34
0.0,0.0,M,35 - 54
22.88,159.75,M,35 - 54
28.75,169.3,M,18 - 34
9.51,60.28333333333333,F,35 - 54
0.0,0.0,M,35 - 54
0.0,0.0,M,35 - 54
27.08,152.75,M,55 +
0.0,0.0,M,35 - 54
15.84,91.76666666666668,F,35 - 54
18.52,120.83333333333334,M,55 +
50.5,254.36666666666667,F,18 - 34
121.45,737.0,M,55 +
74.55,353.8,M,35 - 54
25.719,132.65,M,35 - 54
26.68,140.93333333333334,M,35 - 54
18.0,77.80000000000001,M,35 - 54
25.76,128.6,M,35 - 54
0.0,0.0,M,18 - 34
0.0,0.0,M,35 - 54
0.0,0.0,M,35 - 54
0.0,0.0,M,35 - 54
26.82,139.6,F,18 - 34
21.22,138.01666666666665,M,18 - 34
36.36,210.56666666666663,F,18 - 34
15.34,85.78333333333333,M,35 - 54
25.55,112.98333333333332,M,35 - 54
50.8,257.4166666666667,M,35 - 54
0.0,0.0,M,35 - 54
0.0,0.0,M,35 - 54
29.380000000000003,160.0,M,18 - 34
22.18,108.55,M,35 - 54
0.0,0.0,M,35 - 54
15.75,95.96666666666668,M,18 - 34
36.0,193.4833333333333,M,35 - 54
17.21,129.0,M,35 - 54
6.48,41.016666666666666,F,35 - 54
60.91,357.2333333333333,M,18 - 34
38.78,234.11666666666667,M,18 - 34
1.88,19.58333333333333,M,35 - 54
7.36,41.05,M,35 - 54
0.0,0.0,M,18 - 34
7.17,56.73333333333333,M,35 - 54
34.58,178.8,M,35 - 54
0.0,0.0,M,35 - 54
58.79,291.0,M,35 - 54
36.95,236.9,F,18 - 34
62.61,373.25,M,35 - 54
112.18,567.3,M,35 - 54
58.35,274.6,M,35 - 54
47.47,279.3,F,18 - 34
6.68,42.23333333333333,F,18 - 34
0.0,0.0,F,35 - 54
17.37,82.85,M,35 - 54
53.54,265.25,F,35 - 54
13.039,76.11666666666667,M,35 - 54
74.358,380.45,M,18 - 34
38.34,189.86666666666667,F,35 - 54
36.76,200.31666666666663,M,18 - 34
10.17,53.95,M,55 +
7.38,49.516666666666666,M,35 - 54
0.0,0.0,M,35 - 54
79.53,404.5833333333333,M,35 - 54
43.72,264.06666666666666,M,35 - 54
70.03999999999999,412.2166666666667,F,35 - 54
24.95,130.1,M,35 - 54
1.11,60.0,M,35 - 54
0.0,0.0,F,18 - 34
29.31,170.11666666666667,M,18 - 34
10.57,67.76666666666667,M,18 - 34
0.0,0.0,F,55 +
23.48,113.85,M,18 - 34
23.71,137.96666666666667,F,55 +
5.04,28.016666666666666,M,35 - 54
0.0,0.0,M,18 - 34
5.03,46.21666666666667,M,35 - 54
4.64,26.03333333333333,M,18 - 34
161.54000000000002,903.15,M,35 - 54
15.29,83.48333333333333,M,18 - 34
97.67,496.95,F,18 - 34
78.73,410.76666666666665,F,18 - 34
16.21,99.98333333333332,M,35 - 54
11.41,72.6,F,35 - 54
36.97,172.25,F,18 - 34
0.0,0.0,F,35 - 54
48.18,236.2333333333333,M,18 - 34
29.24,152.76666666666665,F,18 - 34
0.0,0.0,M,35 - 54
7.69,54.9,M,35 - 54
6.42,60.0,F,35 - 54
6.29,36.18333333333333,M,35 - 54
0.0,0.0,M,35 - 54
16.7,91.65,M,18 - 34
0.0,0.0,M,35 - 54
67.64,221.0833333333333,M,35 - 54
0.0,0.0,M,18 - 34
0.0,0.0,F,18 - 34
23.12,120.61666666666667,M,35 - 54
24.93,145.43333333333334,M,35 - 54
21.8,101.65,M,35 - 54
42.74,255.6,M,18 - 34
74.37,416.31666666666666,M,35 - 54
38.74,209.06666666666663,F,18 - 34
109.98,525.8,M,18 - 34
0.0,0.0,M,35 - 54
11.59,73.96666666666667,M,35 - 54
0.0,0.0,F,35 - 54
42.370000000000005,176.8,M,18 - 34
5.44,27.133333333333333,M,18 - 34
0.0,0.0,M,18 - 34
58.43,306.75,M,35 - 54
0.0,0.0,M,35 - 54
66.38,319.81666666666666,M,18 - 34
17.509999999999998,98.98333333333332,M,35 - 54
90.35,438.01666666666665,F,35 - 54
6.66,41.78333333333333,M,35 - 54
65.6,306.18333333333334,M,35 - 54
0.0,0.0,M,55 +
23.87,171.86666666666667,M,35 - 54
26.739,132.33333333333334,M,18 - 34
26.12,265.9,M,35 - 54
12.83,60.55,M,35 - 54
70.94999999999999,313.76666666666665,M,35 - 54
47.06,193.38333333333333,M,18 - 34
26.81,133.38333333333333,M,35 - 54
0.0,0.0,M,35 - 54
0.0,0.0,M,35 - 54
22.54,104.28333333333332,M,18 - 34
78.77000000000001,359.46666666666664,M,35 - 54
0.0,0.0,M,18 - 34
18.34,90.55,M,18 - 34
0.0,0.0,F,35 - 54
26.72,153.48333333333335,F,35 - 54
74.24,362.6,M,35 - 54
23.15,126.3,M,35 - 54
15.21,74.36666666666667,M,18 - 34
39.56,221.65,F,18 - 34
13.409999999999998,77.7,M,35 - 54
50.85,392.4,M,35 - 54
0.0,0.0,M,35 - 54
0.0,0.0,M,35 - 54
64.38,330.15,F,35 - 54
91.58,509.4166666666667,M,35 - 54
94.96,422.6166666666667,M,35 - 54
79.64,357.6166666666667,M,35 - 54
16.71,73.11666666666667,M,18 - 34
13.2,92.0,F,35 - 54
63.55,328.46666666666664,M,35 - 54
10.99,74.88333333333333,F,35 - 54
0.0,0.0,M,18 - 34
154.75,748.1666666666666,M,18 - 34
4.36,49.266666666666666,M,35 - 54
0.0,0.0,M,35 - 54
0.0,0.0,F,18 - 34
59.39,310.75,M,35 - 54
19.77,98.7,M,35 - 54
55.91,341.6333333333333,M,35 - 54
27.87,152.0,M,55 +
58.59,281.75,M,35 - 54
72.45,413.6666666666667,F,35 - 54
15.1,87.08333333333333,F,35 - 54
28.52,133.46666666666664,M,35 - 54
71.46000000000001,690.2333333333333,M,35 - 54
95.3,445.95,M,35 - 54
29.65,217.0,M,55 +
29.37,175.0,M,35 - 54
72.53,348.75,M,35 - 54
14.04,70.85,M,35 - 54
31.84,184.4833333333333,M,35 - 54
0.0,0.0,M,55 +
31.179,165.83333333333334,M,18 - 34
9.17,44.833333333333336,F,18 - 34
0.0,0.0,F,35 - 54
0.0,0.0,M,18 - 34
56.41,301.31666666666666,F,18 - 34
0.0,0.0,M,18 - 34
9.13,48.25,F,18 - 34
35.14,187.16666666666663,M,35 - 54
30.9,184.0,M,35 - 54
73.45,349.01666666666665,M,35 - 54
45.56,232.21666666666667,M,35 - 54
2.92,16.083333333333332,M,18 - 34
3.24,18.383333333333333,M,35 - 54
63.3,389.0,M,35 - 54
21.91,105.0,M,18 - 34
28.15,151.06666666666666,M,35 - 54
0.0,0.0,M,18 - 34
46.82899999999999,294.8666666666667,F,35 - 54
0.0,0.0,M,35 - 54
108.27,549.4833333333333,F,35 - 54
98.36,473.0,F,18 - 34
6.6,40.266666666666666,F,18 - 34
43.969,248.7333333333333,F,18 - 34
0.0,0.0,M,35 - 54
66.62,303.95,M,18 - 34
5.07,29.35,F,18 - 34
0.0,0.0,M,18 - 34
11.4,68.11666666666666,M,18 - 34
0.0,0.0,M,35 - 54
43.629000000000005,195.2333333333333,M,35 - 54
5.02,43.43333333333333,M,55 +
0.0,0.0,M,35 - 54
40.78,251.7333333333333,M,35 - 54
97.3,596.1,M,35 - 54
0.0,0.0,M,35 - 54
27.55,146.0,M,35 - 54
98.21,435.25,M,35 - 54
5.07,30.4,M,18 - 34
14.58,92.08333333333331,M,35 - 54
0.0,0.0,F,35 - 54
0.0,0.0,M,35 - 54
41.65,189.9333333333333,M,35 - 54
76.83,460.95,M,35 - 54
4.3,31.83333333333333,M,18 - 34
0.0,0.0,M,35 - 54
50.7,290.06666666666666,M,35 - 54
46.41,285.3333333333333,M,35 - 54
29.16,145.71666666666667,M,35 - 54
0.0,0.0,F,35 - 54
0.0,0.0,M,35 - 54
72.64,384.75,M,35 - 54
70.16,353.7333333333333,M,35 - 54
81.83,408.4166666666667,M,35 - 54
19.27,104.55,M,35 - 54
6.0,49.21666666666667,F,35 - 54
75.91,386.1333333333333,M,35 - 54
44.86,247.71666666666667,M,35 - 54
18.17,91.85,M,35 - 54
76.24,377.3333333333333,M,35 - 54
25.82,130.6,M,35 - 54
12.95,59.95,M,35 - 54
0.0,0.0,M,35 - 54
3.0,18.716666666666665,M,35 - 54
37.95,215.66666666666669,M,35 - 54
8.039,30.4,M,18 - 34
30.21,160.8,M,35 - 54
47.35,321.65,M,35 - 54
50.339,246.36666666666667,M,18 - 34
26.25,122.38333333333333,M,35 - 54
16.02,87.65,M,35 - 54
20.35,107.96666666666668,M,35 - 54
3.23,15.6,F,18 - 34
0.0,0.0,M,35 - 54
16.77,107.53333333333332,M,35 - 54
0.0,0.0,M,35 - 54
66.15,319.9166666666667,M,35 - 54
17.34,86.26666666666667,F,35 - 54
38.36,250.25,F,35 - 54
27.399,212.0,F,18 - 34
17.37,89.71666666666667,M,18 - 34
0.0,0.0,M,18 - 34
8.32,40.8,M,35 - 54
0.0,0.0,M,18 - 34
4.73,27.683333333333334,M,35 - 54
39.64,191.5833333333333,M,18 - 34
26.64,199.03333333333333,M,55 +
64.44999999999999,596.0,M,35 - 54
0.0,0.0,M,18 - 34
88.88,458.6833333333333,M,18 - 34
0.0,0.0,M,35 - 54
0.0,0.0,F,18 - 34
107.22,565.7,M,35 - 54
41.98,296.25,F,35 - 54
0.0,0.0,M,18 - 34
22.02,102.8,M,35 - 54
73.37,460.58333333333337,M,18 - 34
99.32,428.1166666666667,M,18 - 34
0.0,0.0,M,35 - 54
11.53,74.0,F,18 - 34
0.0,0.0,F,18 - 34
0.0,0.0,M,35 - 54
62.35,269.9,M,18 - 34
49.04,212.0,M,18 - 34
0.0,0.0,F,35 - 54
12.92,70.0,M,35 - 54
60.2,309.0,M,35 - 54
0.0,0.0,M,35 - 54
19.5,109.48333333333332,F,18 - 34
10.26,61.0,M,35 - 54
38.74,228.3,M,35 - 54
0.0,0.0,M,35 - 54
90.1,390.56666666666666,M,35 - 54
27.33,135.98333333333332,M,35 - 54
44.45,218.65,M,35 - 54
0.0,0.0,M,35 - 54
50.33,237.96666666666667,M,18 - 34
17.67,83.2,M,18 - 34
24.47,133.75,M,55 +
97.25,551.0333333333333,M,35 - 54
93.79,568.0,M,18 - 34
33.92,212.63333333333333,M,35 - 54
27.23,162.0,M,18 - 34
4.85,29.15,M,35 - 54
47.77,235.1833333333333,M,18 - 34
48.22,243.0,M,35 - 54
5.83,34.63333333333333,M,35 - 54
32.370000000000005,202.01666666666665,M,55 +
13.33,78.11666666666667,F,35 - 54
62.150000000000006,283.43333333333334,M,18 - 34
0.0,0.0,M,35 - 54
0.0,0.0,M,35 - 54
3.5,19.6,M,35 - 54
28.76,189.13333333333333,F,55 +
0.0,0.0,M,35 - 54
70.96000000000001,398.45,M,35 - 54
0.0,0.0,M,18 - 34
30.749,147.51666666666665,M,35 - 54
20.0,125.08333333333334,M,55 +
84.3,541.8666666666667,M,35 - 54
48.65,241.9833333333333,M,35 - 54
38.06999999999999,203.6,M,35 - 54
0.0,0.0,M,18 - 34
21.81,146.71666666666667,F,35 - 54
45.94,234.4333333333333,M,35 - 54
0.0,0.0,M,18 - 34
0.0,0.0,M,35 - 54
32.300000000000004,241.56666666666663,F,18 - 34
65.06,343.4,M,35 - 54
55.35,444.0,M,35 - 54
51.010000000000005,297.7166666666667,M,35 - 54
0.0,0.0,M,35 - 54
28.72,156.21666666666667,M,35 - 54
7.13,41.38333333333333,M,18 - 34
0.0,0.0,F,55 +
74.99,421.6833333333333,M,35 - 54
55.12,262.75,M,35 - 54
0.0,0.0,F,18 - 34
142.37,756.0,M,35 - 54
38.47,252.8333333333333,M,35 - 54
84.76,458.4166666666667,F,55 +
0.0,0.0,M,18 - 34
51.26,252.61666666666667,M,35 - 54
6.65,37.03333333333333,F,18 - 34
13.670000000000002,64.9,M,35 - 54
21.16,86.11666666666667,M,18 - 34
62.67,286.9833333333333,M,18 - 34
54.81,536.0,M,35 - 54
22.42,162.81666666666666,M,55 +
30.04,198.06666666666663,M,35 - 54
21.76,127.0,M,35 - 54
138.009,675.9,M,35 - 54
19.79,106.0,F,35 - 54
74.58,432.01666666666665,M,35 - 54
31.33,169.13333333333333,M,35 - 54
9.98,54.56666666666667,M,35 - 54
45.75,248.28333333333333,F,18 - 34
40.44,199.1833333333333,M,35 - 54
58.14,301.35,M,35 - 54
0.0,0.0,M,18 - 34
23.82,231.0,M,18 - 34
38.67,213.63333333333333,M,18 - 34
47.99,293.75,F,35 - 54
31.84,147.96666666666667,M,18 - 34
43.74,295.56666666666666,F,18 - 34
36.75,169.13333333333333,M,18 - 34
12.67,73.0,M,18 - 34
31.65,174.86666666666667,M,18 - 34
0.0,0.0,M,35 - 54
18.43,97.03333333333332,M,35 - 54
29.21,209.0,F,35 - 54
28.96,129.86666666666667,M,35 - 54
90.64,389.0,M,35 - 54
79.84,358.9666666666667,M,35 - 54
72.35900000000001,373.25,M,35 - 54
23.24,93.78333333333332,F,18 - 34
70.9,346.93333333333334,M,35 - 54
85.07,434.8833333333333,M,35 - 54
18.879,103.11666666666667,M,18 - 34
38.73,310.26666666666665,M,35 - 54
0.0,0.0,M,35 - 54
0.0,0.0,M,35 - 54
8.0,60.0,F,18 - 34
0.0,0.0,M,35 - 54
9.51,61.91666666666666,M,35 - 54
18.83,118.93333333333334,F,18 - 34
21.04,141.7,F,35 - 54
35.910000000000004,220.31666666666663,F,55 +
0.0,0.0,M,18 - 34
11.76,68.61666666666666,M,18 - 34
0.0,0.0,M,35 - 54
17.34,89.86666666666667,M,35 - 54
0.0,0.0,M,35 - 54
0.0,0.0,M,18 - 34
0.0,0.0,F,35 - 54
29.67,164.35,M,18 - 34
45.06,219.7333333333333,M,18 - 34
134.45000000000002,569.6333333333333,M,18 - 34
36.54,220.3,M,55 +
61.4,323.45000000000005,M,35 - 54
10.15,69.11666666666667,F,35 - 54
18.43,97.78333333333332,M,35 - 54
28.17,159.66666666666666,F,18 - 34
9.01,64.0,F,35 - 54
20.02,104.03333333333332,M,35 - 54
136.36,632.15,M,35 - 54
0.0,0.0,F,35 - 54
0.0,0.0,M,35 - 54
33.67,177.91666666666669,M,35 - 54
26.01,152.55,M,55 +
42.509,264.81666666666666,M,35 - 54
49.66,236.2,M,18 - 34
111.22,473.8333333333333,M,18 - 34
36.23,206.8,M,35 - 54
12.8,65.73333333333333,M,18 - 34
74.13,382.35,F,18 - 34
8.029,55.016666666666666,M,35 - 54
0.0,0.0,M,35 - 54
14.13,80.0,M,35 - 54
40.88,211.05,M,18 - 34
28.48,137.55,M,35 - 54
0.0,0.0,M,35 - 54
38.03,245.0833333333333,M,35 - 54
0.0,0.0,M,35 - 54
123.43,541.8833333333333,M,35 - 54
24.01,129.01666666666665,M,35 - 54
68.49,376.5333333333333,F,18 - 34
45.59,223.9,M,35 - 54
91.389,479.2166666666667,F,35 - 54
27.169,121.83333333333331,M,35 - 54
42.05,252.85,F,18 - 34
93.11,417.95,M,35 - 54
34.51,235.0,F,35 - 54
27.68,156.0,M,35 - 54
0.0,0.0,M,35 - 54
11.15,74.75,F,55 +
0.0,0.0,M,35 - 54
9.8,60.63333333333333,F,35 - 54
0.0,0.0,M,35 - 54
0.0,0.0,M,35 - 54
34.32,206.91666666666663,F,35 - 54
21.77,146.0,M,35 - 54
32.22,144.83333333333334,M,35 - 54
0.0,0.0,M,35 - 54
8.01,45.75,M,35 - 54
0.0,0.0,F,35 - 54
28.09,227.4333333333333,M,35 - 54
40.83,212.01666666666665,F,35 - 54
5.63,30.78333333333333,M,18 - 34
36.760000000000005,211.0,M,35 - 54
35.1,335.33333333333337,M,18 - 34
0.0,0.0,M,18 - 34
50.37,440.4,F,55 +
0.0,0.0,F,35 - 54
50.59,290.5833333333333,M,55 +
78.72999999999999,381.6166666666666,M,35 - 54
0.0,0.0,M,35 - 54
67.06,327.75,M,18 - 34
121.9,509.3,M,18 - 34
24.33,106.0,M,18 - 34
16.15,84.4,M,35 - 54
0.0,0.0,M,18 - 34
53.449,215.38333333333333,M,35 - 54
0.0,0.0,F,35 - 54
0.19,0.6,M,35 - 54
101.56,735.4,M,35 - 54
103.389,555.2833333333333,M,35 - 54
36.42,174.11666666666667,M,35 - 54
30.56,224.4,F,35 - 54
16.98,132.9,M,55 +
11.0,61.0,M,18 - 34
30.47,161.2,M,35 - 54
29.88,155.91666666666666,M,35 - 54
51.27,305.55,M,35 - 54
17.55,89.38333333333333,M,18 - 34
22.78,125.76666666666668,M,35 - 54
9.74,56.06666666666666,M,35 - 54
12.37,58.86666666666667,F,18 - 34
0.0,0.0,M,35 - 54
3.52,28.066666666666663,M,35 - 54
33.1,174.0,M,18 - 34
25.18,116.13333333333334,M,35 - 54
107.78,564.2166666666667,F,35 - 54
87.82000000000001,504.35,M,35 - 54
75.73,409.0,M,35 - 54
0.0,0.0,M,55 +
25.37,160.9,F,35 - 54
43.449,240.0,M,55 +
45.620000000000005,257.5333333333333,M,18 - 34
0.0,0.0,M,35 - 54
10.44,62.0,M,18 - 34
0.0,0.0,M,35 - 54
41.08,273.3333333333333,F,35 - 54
38.370000000000005,219.53333333333333,M,35 - 54
36.16,184.71666666666667,M,35 - 54
30.68,240.2333333333333,M,55 +
54.05,249.75,M,18 - 34
54.73,263.81666666666666,M,35 - 54
37.54,184.05,M,35 - 54
8.15,38.53333333333333,M,18 - 34
0.0,0.0,M,18 - 34
0.0,0.0,M,35 - 54
42.4,242.01666666666665,M,35 - 54
22.24,104.8,M,35 - 54
6.8,37.95,M,35 - 54
0.0,0.0,M,55 +
41.489,229.15,M,35 - 54
45.59,228.13333333333333,M,35 - 54
41.78,290.5,M,55 +
17.25,138.8,F,55 +
0.0,0.0,M,35 - 54
6.45,33.983333333333334,M,35 - 54
0.0,0.0,M,35 - 54
51.7,317.8666666666667,F,18 - 34
0.0,0.0,M,35 - 54
51.98,227.56666666666663,M,18 - 34
28.91,160.85,M,18 - 34
2.59,20.08333333333333,M,35 - 54
0.0,0.0,F,35 - 54
19.57,96.81666666666666,M,35 - 54
0.0,0.0,F,18 - 34
0.0,0.0,M,35 - 54
34.68,185.36666666666667,M,35 - 54
56.040000000000006,286.76666666666665,M,18 - 34
16.29,91.53333333333332,M,18 - 34
4.3,32.15,M,18 - 34
7.67,74.0,F,35 - 54
61.46,301.45,M,18 - 34
0.0,0.0,F,18 - 34
18.27,83.8,F,18 - 34
0.0,0.0,F,18 - 34
62.47,306.1,M,35 - 54
49.690000000000005,250.9,M,35 - 54
0.0,0.0,M,55 +
52.23,256.7166666666667,M,35 - 54
7.26,39.91666666666666,F,35 - 54
105.57,522.8333333333334,M,35 - 54
8.189,44.93333333333333,M,35 - 54
0.0,0.0,M,18 - 34
21.02,108.5,M,35 - 54
5.14,85.21666666666667,M,35 - 54
25.3,142.28333333333333,F,18 - 34
74.019,377.48333333333335,M,18 - 34
7.05,43.75,M,35 - 54
0.0,0.0,M,35 - 54
0.0,0.0,M,18 - 34
6.99,36.8,M,18 - 34
0.0,0.0,M,55 +
14.099,117.25,F,35 - 54
15.2,84.93333333333334,M,18 - 34
0.0,0.0,M,35 - 54
11.43,121.0,M,35 - 54
2.44,19.4,M,35 - 54
68.94,365.9666666666666,M,55 +
0.0,0.0,M,18 - 34
0.0,0.0,F,18 - 34
66.89,387.8,M,35 - 54
55.66,256.4,M,18 - 34
70.58,517.0,F,18 - 34
0.0,0.0,M,18 - 34
4.84,27.73333333333333,F,35 - 54
7.48,50.333333333333336,M,35 - 54
29.020000000000003,181.6833333333333,F,18 - 34
14.04,91.0,M,35 - 54
37.73,189.36666666666667,M,35 - 54
46.35,284.2166666666667,M,35 - 54
0.0,0.0,M,18 - 34
70.619,378.8,M,35 - 54
22.26,122.9,M,55 +
0.0,0.0,M,18 - 34
0.0,0.0,M,35 - 54
5.02,35.233333333333334,F,18 - 34
0.0,0.0,M,35 - 54
204.04,1156.05,M,35 - 54
41.38,200.28333333333333,M,35 - 54
19.28,100.35,M,18 - 34
0.0,0.0,M,35 - 54
0.0,0.0,F,18 - 34
70.179,322.1166666666667,M,18 - 34
37.84,219.06666666666663,M,35 - 54
81.129,360.98333333333335,M,35 - 54
3.22,17.133333333333333,M,35 - 54
54.14,303.53333333333336,F,18 - 34
36.35,203.78333333333333,M,35 - 54
4.64,26.383333333333333,M,35 - 54
22.91,108.95,M,18 - 34
64.43,327.0,M,35 - 54
76.427,360.2166666666667,M,35 - 54
26.56,139.03333333333333,M,35 - 54
0.0,0.0,M,35 - 54
10.7,58.93333333333333,F,35 - 54
34.21,174.5,M,35 - 54
0.0,0.0,M,18 - 34
12.13,78.0,M,35 - 54
20.3,113.13333333333333,M,35 - 54
0.0,0.0,M,35 - 54
5.44,31.6,F,18 - 34
12.55,102.5,M,35 - 54
4.83,29.016666666666666,M,35 - 54
56.359,308.35,M,55 +
0.0,0.0,M,18 - 34
52.21,307.0,M,35 - 54
4.88,22.116666666666667,M,18 - 34
73.1,413.65,M,35 - 54
56.06,267.56666666666666,F,35 - 54
23.38,116.1,M,35 - 54
0.0,0.0,M,35 - 54
44.82,228.61666666666667,M,18 - 34
29.58,145.95,M,18 - 34
0.0,0.0,M,18 - 34
22.56,120.48333333333332,M,18 - 34
4.61,31.58333333333333,M,18 - 34
42.5,188.63333333333333,M,35 - 54
76.72,330.3,M,18 - 34
71.73,367.85,M,35 - 54
10.6,56.21666666666667,M,35 - 54
58.4,316.0,M,35 - 54
37.45,399.1833333333333,M,18 - 34
0.0,0.0,M,35 - 54
8.119,39.05,M,35 - 54
11.0,60.28333333333334,F,35 - 54
55.16,288.45000000000005,M,35 - 54
17.71,107.0,F,55 +
140.71,657.9833333333333,M,35 - 54
0.0,0.0,M,35 - 54
22.25,108.0,M,18 - 34
107.05,489.8,M,18 - 34
46.96,247.4833333333333,F,18 - 34
0.0,0.0,M,18 - 34
0.0,0.0,F,35 - 54
73.84,349.1333333333333,M,18 - 34
25.88,138.31666666666666,M,35 - 54
38.04,177.63333333333333,M,35 - 54
0.0,0.0,M,35 - 54
22.36,115.06666666666666,M,35 - 54
24.37,176.75,F,35 - 54
14.68,85.95,M,35 - 54
0.0,0.0,M,35 - 54
12.98,66.71666666666667,M,35 - 54
47.16,252.8,M,35 - 54
0.0,0.0,M,35 - 54
49.04,223.25,M,35 - 54
18.69,122.71666666666664,F,35 - 54
0.0,0.0,M,35 - 54
55.120000000000005,268.3666666666667,M,35 - 54
38.57,251.0,F,35 - 54
12.01,56.3,M,18 - 34
65.88,320.4666666666667,M,18 - 34
37.5,212.81666666666663,F,18 - 34
3.49,28.08333333333333,M,35 - 54
32.97,220.15,F,18 - 34
10.42,51.25,M,35 - 54
10.01,50.36666666666667,M,35 - 54
0.0,0.0,M,35 - 54
41.81,207.53333333333333,M,35 - 54
137.91,629.3666666666667,F,35 - 54
38.71,198.2,M,18 - 34
0.0,0.0,M,35 - 54
92.87,411.1166666666667,M,18 - 34
51.14,228.63333333333333,M,35 - 54
69.86,415.6666666666667,F,35 - 54
6.85,38.81666666666667,F,35 - 54
75.74,358.9666666666667,M,35 - 54
66.31,358.28333333333336,M,55 +
61.52,334.7166666666667,F,18 - 34
0.0,0.0,F,18 - 34
42.120000000000005,254.11666666666667,F,18 - 34
8.08,42.05,M,35 - 54
28.889000000000003,160.96666666666667,M,35 - 54
54.16,296.0,M,18 - 34
23.380000000000003,135.86666666666667,F,18 - 34
4.04,21.416666666666668,M,18 - 34
0.0,0.0,M,18 - 34
0.0,0.0,M,35 - 54
75.54,343.5,M,35 - 54
69.75,362.81666666666666,M,35 - 54
76.04,371.7,M,35 - 54
56.64,269.31666666666666,M,35 - 54
12.63,70.0,M,35 - 54
86.69,447.0,M,18 - 34
19.54,98.5,F,18 - 34
32.599000000000004,188.45,F,35 - 54
16.259999999999998,106.71666666666668,M,35 - 54
44.86,213.0833333333333,M,18 - 34
76.4,365.28333333333336,M,18 - 34
0.0,0.0,F,35 - 54
44.11,207.8,M,35 - 54
0.0,0.0,M,18 - 34
43.42,273.05,M,55 +
3.33,19.28333333333333,F,18 - 34
0.0,0.0,M,18 - 34
6.76,36.86666666666667,M,35 - 54
8.97,51.3,M,35 - 54
73.97,467.3,M,35 - 54
9.18,63.0,F,35 - 54
34.82,183.8,M,35 - 54
0.0,0.0,M,18 - 34
12.01,59.88333333333334,M,18 - 34
56.03,346.8,M,35 - 54
8.18,44.4,M,55 +
24.309,142.18333333333334,M,35 - 54
6.16,30.03333333333333,M,18 - 34
27.39,139.88333333333333,M,35 - 54
0.0,0.0,M,18 - 34
2.2,10.783333333333331,F,18 - 34
25.0,118.0,M,35 - 54
77.98,493.5,F,18 - 34
0.0,0.0,M,35 - 54
47.0,235.5,M,35 - 54
6.73,42.18333333333333,M,55 +
5.0,27.0,M,35 - 54
87.56,405.5,M,35 - 54
40.789,218.8,M,35 - 54
0.0,0.0,M,55 +
38.47,165.35,M,18 - 34
58.68,299.15000000000003,F,35 - 54
11.02,51.91666666666667,M,18 - 34
57.4,399.35,M,35 - 54
37.87,241.7333333333333,F,35 - 54
93.82,410.31666666666666,M,35 - 54
48.1,241.53333333333333,M,35 - 54
11.08,58.516666666666666,M,18 - 34
0.0,0.0,M,35 - 54
26.87,152.85,M,18 - 34
0.0,0.0,F,18 - 34
108.33,593.0,M,35 - 54
63.24,339.6666666666667,M,35 - 54
23.48,120.5,F,18 - 34
78.73,410.15,F,18 - 34
0.0,0.0,F,18 - 34
10.01,49.9,M,35 - 54
17.8,93.46666666666668,M,18 - 34
8.74,45.38333333333333,M,35 - 54
61.73,339.8333333333333,M,35 - 54
20.35,125.0,M,35 - 54
16.42,92.0,M,35 - 54
19.47,116.83333333333331,M,18 - 34
53.15,317.1,F,35 - 54
59.260000000000005,341.46666666666664,F,35 - 54
0.0,0.0,F,18 - 34
56.389,327.01666666666665,F,35 - 54
0.0,0.0,M,35 - 54
0.0,0.0,M,18 - 34
10.55,60.16666666666666,M,18 - 34
10.1,82.88333333333333,F,35 - 54
80.19,374.2,M,18 - 34
44.63,322.3166666666667,F,18 - 34
5.67,25.816666666666663,M,35 - 54
28.68,213.0,F,35 - 54
5.08,26.066666666666663,M,18 - 34
0.0,0.0,M,18 - 34
43.4,212.86666666666665,M,35 - 54
20.01,104.2,F,35 - 54
0.0,0.0,F,18 - 34
36.22,187.45,F,18 - 34
30.27,150.36666666666667,M,18 - 34
7.53,60.0,M,35 - 54
66.59,323.0,M,35 - 54
0.0,0.0,M,35 - 54
0.0,0.0,M,35 - 54
49.0,476.9666666666666,M,35 - 54
55.18,285.7166666666667,M,18 - 34
0.0,0.0,F,18 - 34
5.41,34.16666666666667,M,35 - 54
55.8,260.05,M,18 - 34
0.0,0.0,M,18 - 34
29.290000000000003,158.85,F,18 - 34
10.64,68.38333333333334,F,18 - 34
0.0,0.0,M,35 - 54
0.0,0.0,F,35 - 54
9.79,43.333333333333336,M,35 - 54
2.31,14.05,F,18 - 34
30.33,178.7,F,35 - 54
42.76,191.78333333333333,M,35 - 54
7.960000000000001,56.133333333333326,F,35 - 54
14.01,69.21666666666667,M,35 - 54
48.010000000000005,250.76666666666668,M,35 - 54
0.0,0.0,M,18 - 34
24.15,120.91666666666666,M,18 - 34
0.0,0.0,M,18 - 34
9.69,57.11666666666667,F,35 - 54
44.86,239.55,M,35 - 54
0.0,0.0,M,35 - 54
18.59,120.86666666666667,M,35 - 54
92.5,482.3666666666667,M,35 - 54
17.88,148.78333333333333,M,35 - 54
0.0,0.0,F,35 - 54
100.249,567.1,M,35 - 54
2.33,15.266666666666666,M,35 - 54
24.32,151.55,F,35 - 54
89.38999999999999,412.9,M,35 - 54
4.93,26.83333333333333,M,35 - 54
57.4,309.0,M,35 - 54
16.36,89.45,M,35 - 54
0.0,0.0,M,35 - 54
0.0,0.0,M,18 - 34
25.42,113.65,M,18 - 34
42.27,205.81666666666663,M,18 - 34
29.15,148.25,M,35 - 54
89.61,432.05,M,35 - 54
0.0,0.0,M,35 - 54
53.760000000000005,334.65,M,35 - 54
32.29,164.8,M,35 - 54
0.0,0.0,M,35 - 54
70.93,349.2833333333333,M,18 - 34
39.13,170.48333333333335,M,35 - 54
0.0,0.0,M,18 - 34
18.2,126.05,M,35 - 54
22.24,117.53333333333332,M,35 - 54
44.78,309.6333333333333,F,35 - 54
0.0,0.0,M,35 - 54
5.34,28.933333333333334,M,35 - 54
0.0,0.0,F,35 - 54
68.12,369.6333333333333,M,35 - 54
0.0,0.0,M,18 - 34
12.13,46.016666666666666,F,18 - 34
18.1,88.71666666666667,M,35 - 54
0.0,0.0,F,35 - 54
0.0,0.0,M,18 - 34
171.46,835.0,M,18 - 34
27.55,175.1,F,35 - 54
6.16,29.08333333333333,M,35 - 54
17.96,112.86666666666667,M,35 - 54
104.0,466.8666666666667,M,18 - 34
44.38,208.9,M,18 - 34
59.75,341.15000000000003,F,55 +
21.75,132.88333333333333,M,35 - 54
18.15,96.93333333333334,M,35 - 54
49.84,681.0,M,18 - 34
10.0,54.75,M,35 - 54
9.13,45.85,M,18 - 34
2.41,14.033333333333331,F,18 - 34
43.8,192.95,M,35 - 54
110.839,572.1,F,18 - 34
5.01,25.4,M,18 - 34
77.2,447.0,M,35 - 54
15.07,76.0,M,18 - 34
10.09,57.7,M,35 - 54
12.02,65.96666666666667,M,18 - 34
58.44,512.8833333333333,M,55 +
0.0,0.0,M,18 - 34
76.85,438.56666666666666,M,35 - 54
84.66,419.0,F,18 - 34
12.269,59.55,M,35 - 54
5.31,34.06666666666667,M,35 - 54
29.54,148.11666666666667,M,35 - 54
0.0,0.0,M,35 - 54
60.7,319.2333333333333,M,55 +
80.15,385.3833333333333,M,18 - 34
6.45,31.95,M,18 - 34
8.11,73.68333333333334,F,35 - 54
22.31,355.2833333333333,F,18 - 34
57.31,546.9833333333333,M,35 - 54
0.0,0.0,F,35 - 54
43.88,257.2833333333333,F,18 - 34
20.29,106.28333333333332,M,18 - 34
28.540000000000003,135.01666666666665,M,35 - 54
51.52,330.1333333333333,F,35 - 54
28.86,154.58333333333334,M,35 - 54
0.0,0.0,M,35 - 54
36.84,300.5333333333333,F,18 - 34
0.0,0.0,M,18 - 34
81.07,420.1833333333333,M,35 - 54
0.0,0.0,M,35 - 54
40.3,227.26666666666665,M,35 - 54
0.0,0.0,F,55 +
0.0,0.0,F,18 - 34
36.58,203.51666666666668,M,35 - 54
0.0,0.0,M,35 - 54
0.0,0.0,M,35 - 54
5.03,32.56666666666667,F,35 - 54
22.47,114.76666666666668,M,35 - 54
26.73,136.16666666666666,M,18 - 34
47.71,257.16666666666663,M,18 - 34
13.4,67.08333333333334,M,18 - 34
26.0,125.85,M,18 - 34
105.61,547.2,M,35 - 54
10.01,43.2,M,35 - 54
22.76,139.0,M,55 +
14.87,71.06666666666666,M,35 - 54
58.98,380.5,M,35 - 54
35.08,215.9333333333333,M,35 - 54
9.89,46.516666666666666,M,35 - 54
0.0,0.0,M,18 - 34
9.56,48.333333333333336,M,35 - 54
20.22,130.26666666666668,F,55 +
0.0,0.0,M,35 - 54
25.34,116.86666666666667,M,18 - 34
14.05,89.28333333333333,M,35 - 54
20.58,127.85,F,18 - 34
0.0,0.0,F,55 +
20.12,113.78333333333332,F,35 - 54
11.02,77.25,M,35 - 54
9.68,44.18333333333333,M,35 - 54
0.0,0.0,M,35 - 54
0.0,0.0,M,18 - 34
36.120000000000005,351.6,F,18 - 34
0.0,0.0,M,18 - 34
61.14,287.6166666666667,M,18 - 34
0.0,0.0,M,35 - 54
6.04,29.633333333333333,M,55 +
49.93,234.13333333333333,M,18 - 34
9.86,52.35,M,18 - 34
93.09,474.15,M,35 - 54
63.46,392.4666666666667,F,35 - 54
0.0,0.0,F,35 - 54
0.0,0.0,F,18 - 34
86.02,405.6666666666667,M,18 - 34
0.0,0.0,M,35 - 54
0.0,0.0,F,18 - 34
15.02,100.98333333333332,M,35 - 54
18.0,90.0,M,35 - 54
19.59,130.18333333333334,F,18 - 34
39.08,188.35,M,35 - 54
29.17,145.4,M,35 - 54
0.0,0.0,F,18 - 34
67.26,381.03333333333336,M,35 - 54
20.07,136.0,M,35 - 54
0.0,0.0,M,35 - 54
43.66,235.63333333333333,M,35 - 54
0.0,0.0,M,18 - 34
34.040000000000006,194.2,F,18 - 34
0.0,0.0,F,35 - 54
0.0,0.0,M,35 - 54
0.0,0.0,M,35 - 54
34.93,159.23333333333335,M,35 - 54
19.85,102.03333333333332,M,35 - 54
94.48,395.81666666666666,M,18 - 34
30.749,287.0,F,35 - 54
11.46,55.41666666666666,F,18 - 34
0.0,0.0,M,18 - 34
82.41,385.81666666666666,M,35 - 54
39.09,232.53333333333333,F,18 - 34
21.99,102.65,M,18 - 34
17.69,92.4,M,35 - 54
40.92,192.25,M,35 - 54
32.56,168.96666666666667,M,35 - 54
73.71,379.48333333333335,M,18 - 34
16.4,93.06666666666666,M,35 - 54
27.75,162.05,M,18 - 34
12.88,79.58333333333333,F,35 - 54
0.0,0.0,M,35 - 54
26.009,148.36666666666667,F,18 - 34
36.53,193.16666666666663,F,35 - 54
22.25,157.0,M,35 - 54
0.0,0.0,M,35 - 54
97.5,448.81666666666666,M,35 - 54
41.41,187.85,M,18 - 34
78.68,339.6333333333333,M,18 - 34
32.13,211.0,M,35 - 54
9.84,77.3,F,35 - 54
0.0,0.0,M,35 - 54
0.0,0.0,M,18 - 34
45.33,218.88333333333333,M,35 - 54
10.01,50.38333333333333,M,35 - 54
0.0,0.0,F,18 - 34
0.0,0.0,F,35 - 54
0.0,0.0,M,35 - 54
96.3,461.8666666666667,M,35 - 54
16.6,150.8,F,18 - 34
5.55,32.68333333333333,M,35 - 54
64.48,278.81666666666666,M,18 - 34
82.11,520.2,M,35 - 54
6.51,29.45,M,35 - 54
77.64,379.7833333333333,M,35 - 54
20.65,107.63333333333333,M,35 - 54
0.0,0.0,F,35 - 54
59.38,275.6166666666667,M,18 - 34
42.55,298.5,F,18 - 34
0.0,0.0,M,35 - 54
96.7,457.3,M,35 - 54
9.0,57.93333333333333,M,18 - 34
15.82,112.25,M,35 - 54
78.51,383.2,M,35 - 54
23.89,114.7,M,18 - 34
48.03,256.0,M,55 +
33.01,169.96666666666667,F,18 - 34
0.0,0.0,M,35 - 54
31.839,284.0,F,35 - 54
82.41,461.26666666666665,M,35 - 54
28.77,164.4,M,55 +
125.77,566.2833333333333,M,35 - 54
0.0,0.0,M,35 - 54
40.39,207.0,F,35 - 54
0.0,0.0,M,35 - 54
9.48,42.45,M,18 - 34
0.0,0.0,M,18 - 34
43.64,222.95,F,35 - 54
22.04,109.15,M,35 - 54
106.33,525.65,M,18 - 34
0.0,0.0,M,18 - 34
0.0,0.0,M,35 - 54
68.57,371.1,M,35 - 54
0.0,0.0,M,35 - 54
6.01,33.06666666666667,M,35 - 54
4.0,24.28333333333333,M,35 - 54
70.86,344.43333333333334,M,35 - 54
0.0,0.0,M,35 - 54
0.0,0.0,M,35 - 54
24.630000000000003,151.56666666666666,F,35 - 54
0.0,0.0,F,18 - 34
16.950000000000003,92.33333333333334,M,35 - 54
32.66,154.33333333333334,M,18 - 34
0.0,0.0,M,35 - 54
29.41,184.0,M,35 - 54
129.32,619.9333333333333,M,35 - 54
19.32,92.0,F,18 - 34
3.56,23.666666666666668,M,35 - 54
16.2,103.86666666666667,M,35 - 54
8.05,54.63333333333333,F,18 - 34
27.78,172.61666666666667,M,55 +
80.67,441.23333333333335,M,35 - 54
24.49,135.63333333333333,M,35 - 54
0.0,0.0,M,35 - 54
0.0,0.0,M,18 - 34
65.62,329.81666666666666,M,55 +
98.53,524.2333333333333,F,18 - 34
4.92,21.65,M,35 - 54
17.58,67.86666666666667,M,18 - 34
0.0,0.0,M,55 +
29.85,170.61666666666667,F,35 - 54
0.0,0.0,M,35 - 54
3.72,40.3,M,35 - 54
30.98,126.83333333333331,M,18 - 34
0.0,0.0,F,35 - 54
89.76,547.0,M,35 - 54
51.75,249.06666666666663,M,35 - 54
92.69,429.0,M,35 - 54
10.0,50.08333333333333,M,18 - 34
26.26,161.31666666666666,F,35 - 54
28.24,180.25,F,35 - 54
27.96,220.3333333333333,F,35 - 54
0.0,0.0,F,35 - 54
0.0,0.0,M,55 +
27.12,119.36666666666667,M,18 - 34
0.0,0.0,M,35 - 54
0.0,0.0,M,18 - 34
0.0,0.0,M,35 - 54
0.0,0.0,M,35 - 54
83.22,420.58333333333337,M,18 - 34
4.84,22.65,M,18 - 34
48.22,315.0,M,35 - 54
45.47,388.25,F,35 - 54
31.64,168.55,M,35 - 54
0.0,0.0,F,35 - 54
69.59,352.1,M,35 - 54
26.689,161.11666666666667,F,18 - 34
32.869,183.4,F,35 - 54
9.29,59.6,M,35 - 54
0.0,0.0,M,18 - 34
7.34,34.15,M,35 - 54
45.54,242.9,M,35 - 54
16.9,78.38333333333333,M,35 - 54
22.229,134.75,M,35 - 54
112.15,560.55,M,35 - 54
55.76,232.11666666666667,M,35 - 54
25.76,136.0,M,18 - 34
33.34,200.26666666666665,M,35 - 54
0.0,0.0,M,18 - 34
7.39,49.78333333333333,F,18 - 34
11.87,66.0,M,35 - 54
0.0,0.0,M,18 - 34
52.76,227.85,M,18 - 34
24.4,121.81666666666666,M,18 - 34
98.5,486.3,M,18 - 34
61.7,315.93333333333334,M,35 - 54
0.0,0.0,M,35 - 54
0.0,0.0,F,35 - 54
43.879,277.4166666666667,F,35 - 54
52.9,302.03333333333336,M,18 - 34
24.880000000000003,129.26666666666665,M,18 - 34
80.16,380.7,M,18 - 34
0.0,0.0,M,35 - 54
0.0,0.0,F,35 - 54
99.99,413.6,M,18 - 34
66.27,304.55,M,18 - 34
38.95,192.91666666666669,M,35 - 54
0.0,0.0,M,18 - 34
8.18,60.7,M,35 - 54
24.4,132.86666666666667,F,18 - 34
7.09,133.0,M,35 - 54
0.0,0.0,M,55 +
39.22,194.88333333333333,M,35 - 54
45.03,227.16666666666663,M,35 - 54
40.45,166.88333333333333,M,18 - 34
150.32,680.05,F,18 - 34
15.59,95.41666666666669,M,35 - 54
13.22,84.48333333333333,F,35 - 54
64.29,288.0,M,35 - 54
0.0,0.0,M,35 - 54
0.0,0.0,M,35 - 54
68.23,351.7833333333333,M,35 - 54
4.65,22.48333333333333,M,18 - 34
158.91,674.0833333333334,F,35 - 54
0.0,0.0,M,18 - 34
5.13,39.38333333333333,F,35 - 54
0.0,0.0,M,18 - 34
85.479,479.0833333333333,F,18 - 34
60.55,361.8,M,55 +
49.900000000000006,243.61666666666667,M,35 - 54
15.609,101.25,M,35 - 54
3.64,61.0,M,35 - 54
62.83,367.51666666666665,F,35 - 54
33.7,200.51666666666665,F,55 +
0.0,0.0,M,35 - 54
0.0,0.0,M,35 - 54
49.14,291.4166666666667,M,35 - 54
0.0,0.0,M,35 - 54
0.0,0.0,F,35 - 54
26.61,141.23333333333335,M,35 - 54
0.0,0.0,F,35 - 54
0.0,0.0,M,35 - 54
33.64,248.75,M,35 - 54
6.43,31.516666666666666,M,35 - 54
42.23,190.1833333333333,M,18 - 34
28.02,146.01666666666668,M,35 - 54
59.52,373.0,M,35 - 54
20.04,108.96666666666668,M,35 - 54
14.16,76.6,M,35 - 54
0.0,0.0,M,18 - 34
5.06,37.9,M,18 - 34
45.26,205.13333333333333,M,35 - 54
5.67,21.1,M,18 - 34
7.93,46.41666666666666,M,55 +
81.65,402.0,M,35 - 54
0.0,0.0,F,35 - 54
10.91,59.81666666666666,F,18 - 34
0.0,0.0,F,35 - 54
35.44,194.5,M,18 - 34
21.56,118.78333333333332,F,35 - 54
65.97,422.4,M,35 - 54
16.28,102.0,F,35 - 54
49.64,234.95,F,18 - 34
143.97,660.9333333333333,M,18 - 34
0.0,0.0,F,35 - 54
7.44,66.75,M,55 +
23.93,136.23333333333332,M,35 - 54
12.89,63.383333333333326,F,18 - 34
101.639,539.4666666666667,M,35 - 54
16.57,81.06666666666666,M,35 - 54
35.659,167.41666666666666,M,18 - 34
0.0,0.0,M,18 - 34
84.5,457.3,M,18 - 34
0.0,0.0,M,18 - 34
14.5,89.23333333333333,M,35 - 54
0.0,0.0,M,35 - 54
24.33,147.43333333333334,M,35 - 54
65.0,350.1333333333333,M,35 - 54
60.82,288.8,M,35 - 54
20.44,114.75,M,35 - 54
54.77,284.21666666666664,M,18 - 34
0.0,0.0,M,18 - 34
77.32000000000001,443.7833333333333,F,35 - 54
0.0,0.0,M,18 - 34
9.97,52.85,F,18 - 34
9.68,88.25,M,35 - 54
64.56,371.85,M,35 - 54
41.909,243.4833333333333,F,35 - 54
110.39,499.0833333333333,M,18 - 34
31.079,154.0,M,35 - 54
16.79,74.0,M,18 - 34
16.990000000000002,105.31666666666666,M,35 - 54
3.45,21.216666666666665,M,35 - 54
68.23,341.1,M,35 - 54
19.02,127.01666666666664,F,35 - 54
0.0,0.0,F,18 - 34
49.88,227.35,M,18 - 34
22.3,128.38333333333333,M,35 - 54
48.84,251.66666666666663,M,55 +
12.489999999999998,71.73333333333332,M,35 - 54
30.26,235.0833333333333,M,55 +
52.48,317.35,F,35 - 54
60.61,309.53333333333336,F,35 - 54
14.51,71.0,M,35 - 54
25.03,118.13333333333334,M,35 - 54
45.03,235.85,M,35 - 54
76.41,367.65,M,35 - 54
60.63,332.1166666666667,F,18 - 34
39.52,176.7,M,35 - 54
0.0,0.0,M,35 - 54
46.67,226.0,M,18 - 34
110.02,504.65,M,35 - 54
41.64,247.7,F,35 - 54
0.0,0.0,M,35 - 54
0.0,0.0,M,18 - 34
0.0,0.0,M,35 - 54
6.55,36.66666666666666,M,18 - 34
0.0,0.0,M,18 - 34
43.47,259.31666666666666,F,35 - 54
0.0,0.0,M,35 - 54
51.389,270.2,M,35 - 54
18.03,101.0,M,35 - 54
44.19,208.81666666666663,M,35 - 54
0.0,0.0,M,35 - 54
89.5,429.58333333333337,M,35 - 54
33.34,194.05,M,18 - 34
54.02,243.1,M,35 - 54
10.96,62.25,M,35 - 54
9.76,86.95,M,35 - 54
10.0,53.86666666666667,M,18 - 34
48.1,234.4,M,18 - 34
11.18,79.0,M,35 - 54
5.01,27.6,M,35 - 54
40.66,319.0,F,35 - 54
12.25,79.08333333333333,F,35 - 54
104.08,513.2,M,18 - 34
25.8,134.61666666666667,M,35 - 54
49.760000000000005,298.4666666666667,F,18 - 34
25.78,116.8,M,55 +
52.61,354.1,F,18 - 34
8.26,47.15,M,18 - 34
106.05,540.45,F,18 - 34
0.0,0.0,M,18 - 34
0.0,0.0,M,18 - 34
37.69,197.06666666666663,F,18 - 34
15.619,80.46666666666667,M,35 - 54
101.61,428.73333333333335,M,55 +
6.97,35.416666666666664,M,35 - 54
29.79,169.36666666666667,M,35 - 54
0.0,0.0,F,18 - 34
107.19,462.7166666666667,M,35 - 54
28.73,268.5333333333333,M,35 - 54
55.74,335.3833333333333,M,55 +
112.53,627.4666666666667,F,35 - 54
21.09,120.56666666666666,M,35 - 54
17.37,122.0,M,18 - 34
0.0,0.0,M,35 - 54
43.22,258.55,F,35 - 54
37.26,234.81666666666663,M,35 - 54
0.0,0.0,M,35 - 54
38.58,197.63333333333333,M,35 - 54
4.93,21.216666666666665,M,35 - 54
0.0,0.0,F,35 - 54
27.32,172.13333333333333,M,35 - 54
50.28,233.0,M,18 - 34
0.0,0.0,M,35 - 54
32.3,176.81666666666666,M,18 - 34
0.0,0.0,M,35 - 54
76.46000000000001,677.3666666666667,M,55 +
4.92,26.35,M,35 - 54
5.26,60.0,F,35 - 54
13.03,107.9,F,35 - 54
17.89,87.1,M,35 - 54
52.89,245.26666666666668,M,35 - 54
71.05,371.85,M,35 - 54
0.0,0.0,M,35 - 54
25.57,139.08333333333331,M,35 - 54
0.0,0.0,M,35 - 54
24.88,128.73333333333332,F,35 - 54
23.4,132.78333333333333,F,18 - 34
0.0,0.0,M,35 - 54
59.98,370.33333333333337,F,35 - 54
0.0,0.0,M,35 - 54
48.07,266.9166666666667,F,35 - 54
14.490000000000002,83.13333333333333,M,18 - 34
70.50999999999999,370.55,M,18 - 34
11.35,74.68333333333334,M,55 +
0.0,0.0,F,18 - 34
57.3,281.4666666666667,F,18 - 34
33.57,159.0,M,18 - 34
6.72,66.0,M,35 - 54
11.06,32.65,M,18 - 34
33.660000000000004,192.63333333333333,F,35 - 54
22.37,125.46666666666668,M,18 - 34
47.95,217.1,M,35 - 54
17.53,121.13333333333333,F,35 - 54
0.0,0.0,M,35 - 54
62.549,347.6166666666667,M,35 - 54
25.21,118.8,M,18 - 34
57.95,280.35,M,55 +
36.64,220.0,M,35 - 54
18.21,100.45,F,35 - 54
37.790000000000006,180.51666666666665,M,18 - 34
0.0,0.0,M,35 - 54
138.22,590.0833333333333,M,18 - 34
16.21,80.0,M,18 - 34
7.65,39.9,M,35 - 54
164.569,854.9333333333334,M,18 - 34
31.69,149.96666666666667,M,18 - 34
0.0,0.0,M,18 - 34
0.0,0.0,M,35 - 54
0.0,0.0,M,35 - 54
14.239999999999998,71.08333333333334,M,18 - 34
0.0,0.0,M,35 - 54
26.269,167.64999999999998,M,35 - 54
6.57,39.68333333333333,M,35 - 54
54.92,351.7,F,18 - 34
23.269,294.0,M,35 - 54
53.31999999999999,248.5,M,18 - 34
4.82,22.35,M,35 - 54
20.02,103.91666666666666,M,35 - 54
95.58,545.7666666666667,F,35 - 54
45.1,234.4333333333333,M,18 - 34
0.0,0.0,M,18 - 34
16.939999999999998,94.96666666666668,M,35 - 54
54.2,311.0,M,55 +
28.3,155.31666666666666,M,35 - 54
30.34,210.2333333333333,M,35 - 54
7.24,42.85,F,18 - 34
41.51,234.28333333333333,M,55 +
5.59,33.233333333333334,M,55 +
0.0,0.0,M,18 - 34
32.25,170.63333333333333,M,35 - 54
79.39,494.3666666666667,M,35 - 54
28.17,155.61666666666667,M,35 - 54
22.764,155.05,F,35 - 54
18.58,100.58333333333331,M,18 - 34
14.76,66.51666666666667,M,18 - 34
19.84,128.5,M,35 - 54
27.26,140.75,M,18 - 34
0.0,0.0,F,18 - 34
13.25,75.16666666666667,F,35 - 54
20.66,122.1,M,55 +
117.8,930.0,M,35 - 54
49.24,231.75,M,18 - 34
16.85,99.0,M,35 - 54
0.0,0.0,M,18 - 34
5.65,40.43333333333333,M,35 - 54
17.36,109.13333333333333,F,18 - 34
49.870000000000005,294.3,M,35 - 54
22.71,176.2,M,35 - 54
0.0,0.0,M,35 - 54
0.0,0.0,M,35 - 54
0.0,0.0,F,18 - 34
0.0,0.0,F,35 - 54
4.009,25.200000000000003,F,18 - 34
2.59,19.2,M,18 - 34
64.42,305.0,M,18 - 34
0.0,0.0,F,18 - 34
19.69,92.5,M,35 - 54
0.0,0.0,F,18 - 34
54.82,291.56666666666666,M,55 +
0.0,0.0,M,35 - 54
0.0,0.0,M,35 - 54
0.0,0.0,M,35 - 54
33.81,189.01666666666665,M,35 - 54
0.0,0.0,M,35 - 54
8.27,42.3,F,35 - 54
9.67,50.2,M,55 +
26.48,134.13333333333333,M,35 - 54
32.81999999999999,174.63333333333333,M,35 - 54
6.47,33.25,M,35 - 54
7.05,37.18333333333333,M,35 - 54
37.97,184.03333333333333,M,18 - 34
0.0,0.0,M,18 - 34
0.0,0.0,F,18 - 34
22.93,146.0,M,55 +
19.75,130.75,M,35 - 54
0.0,0.0,F,35 - 54
22.14,155.9,M,35 - 54
13.39,87.0,M,35 - 54
12.15,56.03333333333333,M,18 - 34
79.649,422.2166666666666,F,35 - 54
8.78,48.11666666666667,M,35 - 54
37.76,187.75,M,35 - 54
0.0,0.0,M,35 - 54
28.459000000000003,136.85,M,18 - 34
54.1,278.43333333333334,F,18 - 34
29.89,139.05,M,35 - 54
7.26,37.65,M,35 - 54
0.0,0.0,M,18 - 34
0.0,0.0,M,35 - 54
0.0,0.0,F,35 - 54
25.16,113.98333333333332,M,35 - 54
24.27,126.38333333333333,F,18 - 34
5.66,35.416666666666664,M,35 - 54
6.69,35.766666666666666,M,35 - 54
52.319,253.6,M,18 - 34
0.0,0.0,M,18 - 34
0.0,0.0,M,35 - 54
0.0,0.0,M,18 - 34
71.7,345.2166666666667,M,35 - 54
0.0,0.0,M,18 - 34
68.37,402.31666666666666,F,35 - 54
36.2,193.01666666666665,M,18 - 34
141.92000000000002,600.4,M,18 - 34
46.63,250.05,F,35 - 54
106.26,636.5,M,35 - 54
0.0,0.0,M,18 - 34
34.709999999999994,242.0,M,55 +
51.03,275.25,M,35 - 54
0.0,0.0,M,35 - 54
155.04,661.0,M,35 - 54
15.13,82.94999999999999,M,35 - 54
0.0,0.0,F,18 - 34
0.0,0.0,M,18 - 34
10.43,58.46666666666667,F,18 - 34
64.59,328.06666666666666,M,35 - 54
42.78,243.2333333333333,M,18 - 34
43.789,263.35,M,55 +
6.44,49.03333333333333,M,35 - 54
26.29,137.31666666666666,M,55 +
33.549,250.4,M,35 - 54
33.34,225.5,M,55 +
69.71000000000001,313.1166666666667,M,35 - 54
5.37,44.11666666666667,M,55 +
0.0,0.0,M,35 - 54
71.67999999999999,350.0,M,18 - 34
55.52,277.0,M,35 - 54
20.31,129.1,M,18 - 34
0.0,0.0,M,35 - 54
72.62,391.6833333333333,F,35 - 54
57.02,280.7,F,18 - 34
98.74,844.8166666666666,F,35 - 54
22.03,137.01666666666665,M,35 - 54
0.0,0.0,M,55 +
4.97,25.6,M,35 - 54
42.7,205.7,M,35 - 54
14.83,70.01666666666667,M,18 - 34
52.48,286.0,M,35 - 54
60.57,247.76666666666665,M,18 - 34
86.93,401.2,M,18 - 34
9.64,45.2,M,35 - 54
0.0,0.0,M,18 - 34
35.25,165.41666666666666,M,35 - 54
44.88,203.4333333333333,M,18 - 34
21.34,119.0,M,35 - 54
34.58,219.85,F,18 - 34
0.0,0.0,M,35 - 54
56.85,330.8833333333333,F,35 - 54
0.0,0.0,F,18 - 34
55.31,911.0,M,18 - 34
23.85,130.01666666666665,M,35 - 54
4.83,25.416666666666668,M,35 - 54
19.91,98.85,M,18 - 34
28.46,136.75,M,18 - 34
0.0,0.0,F,35 - 54
73.28999999999999,336.8666666666667,F,18 - 34
0.0,0.0,M,35 - 54
14.91,82.31666666666666,M,35 - 54
50.75,226.0,M,18 - 34
51.599,354.68333333333334,M,35 - 54
0.0,0.0,F,18 - 34
0.0,0.0,F,18 - 34
39.86,176.26666666666665,M,18 - 34
53.54900000000001,274.6,M,35 - 54
72.9,376.81666666666666,F,18 - 34
0.0,0.0,M,18 - 34
61.03,316.1166666666667,M,35 - 54
10.03,66.0,M,55 +
48.84,262.5,M,35 - 54
49.67,240.4333333333333,M,35 - 54
16.88,70.0,M,35 - 54
0.0,0.0,F,18 - 34
21.1,114.93333333333334,M,35 - 54
0.0,0.0,M,35 - 54
0.0,0.0,M,35 - 54
77.76,362.15,M,35 - 54
0.0,0.0,M,18 - 34
41.47,240.6,F,18 - 34
57.120000000000005,428.98333333333335,M,35 - 54
7.23,38.11666666666667,M,35 - 54
41.97,219.06666666666663,M,35 - 54
47.1,231.26666666666665,M,35 - 54
8.4,57.45,M,18 - 34
17.71,134.56666666666666,M,35 - 54
0.0,0.0,F,18 - 34
15.83,104.31666666666666,F,18 - 34
10.55,55.03333333333333,M,35 - 54
0.0,0.0,M,35 - 54
63.32,338.3,M,35 - 54
0.0,0.0,M,35 - 54
72.58,384.28333333333336,M,55 +
0.0,0.0,F,35 - 54
9.59,43.78333333333333,M,18 - 34
43.74,270.0,M,35 - 54
75.93,394.3,M,35 - 54
14.15,82.03333333333333,M,35 - 54
29.8,158.56666666666666,M,35 - 54
51.54,465.1333333333333,F,35 - 54
62.72,408.45,M,35 - 54
10.01,59.41666666666666,M,35 - 54
51.260000000000005,307.85,M,35 - 54
96.07,476.9166666666667,M,55 +
0.0,0.0,M,18 - 34
34.34,188.78333333333333,M,55 +
67.28,346.78333333333336,F,18 - 34
0.0,0.0,M,35 - 54
40.59,223.5,M,35 - 54
3.32,16.066666666666666,M,35 - 54
99.739,580.0,M,55 +
8.49,45.93333333333333,M,18 - 34
109.83,525.75,M,35 - 54
93.35,393.3833333333333,M,18 - 34
51.99,299.85,M,35 - 54
56.260000000000005,278.93333333333334,M,35 - 54
0.0,0.0,M,35 - 54
30.55,212.5833333333333,M,35 - 54
9.39,204.91666666666663,M,55 +
81.63,353.5333333333333,M,18 - 34
0.0,0.0,M,18 - 34
0.0,0.0,M,35 - 54
60.24,340.5,M,35 - 54
0.0,0.0,M,35 - 54
26.22,172.81666666666666,M,55 +
18.32,96.13333333333333,F,35 - 54
0.0,0.0,M,35 - 54
4.03,21.216666666666665,M,35 - 54
45.24,322.2333333333333,F,35 - 54
28.74,144.05,M,35 - 54
6.48,45.06666666666667,M,18 - 34
11.09,49.71666666666667,M,35 - 54
12.0,66.0,M,18 - 34
156.62,642.2,M,18 - 34
54.58,290.65,F,35 - 54
11.57,71.0,M,35 - 54
23.45,118.63333333333333,M,35 - 54
0.0,0.0,M,18 - 34
4.45,33.733333333333334,M,35 - 54
48.21,201.85,M,18 - 34
0.0,0.0,M,18 - 34
0.0,0.0,M,18 - 34
35.7,201.03333333333333,M,18 - 34
5.59,36.2,M,35 - 54
38.54,329.7166666666667,M,35 - 54
69.86,420.0,M,55 +
0.0,0.0,M,35 - 54
24.65,156.21666666666667,M,35 - 54
30.4,182.16666666666669,M,35 - 54
0.0,0.0,F,35 - 54
58.35,269.85,M,35 - 54
39.52,246.88333333333333,M,35 - 54
43.019,186.7333333333333,M,18 - 34
0.0,0.0,M,35 - 54
0.0,0.0,F,18 - 34
41.73,236.0,M,35 - 54
73.89,444.0,M,35 - 54
8.0,48.43333333333333,F,35 - 54
46.649,242.8333333333333,M,55 +
0.0,0.0,M,18 - 34
9.08,47.05,M,18 - 34
0.0,0.0,M,18 - 34
65.06,343.08333333333337,M,35 - 54
0.0,0.0,F,18 - 34
12.25,51.46666666666667,M,18 - 34
0.0,0.0,M,35 - 54
18.009999999999998,111.3,F,35 - 54
0.0,0.0,M,18 - 34
70.52,368.2166666666666,M,18 - 34
0.0,0.0,M,35 - 54
46.81,244.2,M,35 - 54
26.17,218.65,F,35 - 54
14.830000000000002,79.76666666666667,M,35 - 54
18.36,120.33333333333334,F,55 +
69.61,364.25,M,35 - 54
37.71,205.66666666666669,M,35 - 54
10.13,56.06666666666667,M,35 - 54
107.849,442.23333333333335,M,18 - 34
40.260000000000005,188.7,F,18 - 34
0.0,0.0,M,18 - 34
40.159,199.95,M,18 - 34
0.0,0.0,F,35 - 54
0.0,0.0,M,35 - 54
58.17,351.8,M,35 - 54
76.039,370.76666666666665,M,18 - 34
22.52,123.33333333333334,F,18 - 34
0.0,0.0,M,35 - 54
80.25999999999999,427.4333333333333,F,18 - 34
21.29,102.0,M,35 - 54
0.0,0.0,M,18 - 34
0.0,0.0,M,35 - 54
29.14,160.0,M,35 - 54
28.25,132.93333333333334,M,35 - 54
56.3,323.2333333333333,F,18 - 34
16.009999999999998,90.45,M,35 - 54
89.71000000000001,449.01666666666665,M,35 - 54
0.0,0.0,M,18 - 34
41.659,240.9833333333333,F,18 - 34
0.0,0.0,M,18 - 34
15.52,92.5,M,35 - 54
0.0,0.0,M,35 - 54
0.0,0.0,M,18 - 34
46.81,239.56666666666663,F,35 - 54
15.37,89.76666666666667,M,35 - 54
6.6,49.266666666666666,F,18 - 34
9.56,57.98333333333333,M,18 - 34
6.44,31.516666666666666,M,18 - 34
51.86,305.76666666666665,F,35 - 54
0.0,0.0,F,35 - 54
0.0,0.0,M,18 - 34
0.0,0.0,M,18 - 34
37.68,181.4,M,35 - 54
87.85,450.7833333333333,M,35 - 54
0.0,0.0,M,35 - 54
22.78,113.83333333333331,F,18 - 34
57.438,277.7,M,35 - 54
0.0,0.0,F,18 - 34
0.0,0.0,M,35 - 54
23.880000000000003,118.41666666666666,M,35 - 54
6.01,29.5,M,18 - 34
1.34,9.166666666666666,F,35 - 54
61.16,281.01666666666665,M,18 - 34
4.82,30.0,F,18 - 34
0.0,0.0,M,18 - 34
7.66,36.78333333333333,M,35 - 54
10.15,58.35,M,35 - 54
47.39,316.26666666666665,F,35 - 54
34.44,179.56666666666666,M,35 - 54
0.0,0.0,F,18 - 34
22.44,142.13333333333333,F,35 - 54
54.1,282.01666666666665,M,35 - 54
8.38,45.083333333333336,M,18 - 34
46.77,270.43333333333334,M,35 - 54
114.21,584.6333333333333,M,18 - 34
9.66,62.0,F,35 - 54
75.399,463.73333333333335,M,35 - 54
6.32,39.0,F,18 - 34
16.7,86.76666666666667,M,18 - 34
0.0,0.0,M,35 - 54
38.85,293.43333333333334,M,35 - 54
0.0,0.0,M,35 - 54
55.2,323.0,M,35 - 54
16.11,89.0,M,35 - 54
0.0,0.0,M,18 - 34
50.86,222.11666666666667,M,18 - 34
9.98,62.516666666666666,F,35 - 54
26.51,143.23333333333335,M,18 - 34
101.73,471.73333333333335,M,18 - 34
57.99,299.1,M,35 - 54
0.0,0.0,F,35 - 54
0.0,0.0,M,35 - 54
0.0,0.0,F,18 - 34
36.96,207.75,M,35 - 54
27.85,161.56666666666666,M,35 - 54
8.28,41.2,M,35 - 54
37.1,177.66666666666666,M,35 - 54
31.66,189.7333333333333,M,35 - 54
50.28,230.16666666666663,M,18 - 34
50.47,292.7,F,35 - 54
11.89,60.0,M,18 - 34
0.0,0.0,M,35 - 54
37.57,197.2333333333333,M,18 - 34
0.0,0.0,M,35 - 54
26.089,150.28333333333333,M,35 - 54
114.66,550.75,M,35 - 54
0.0,0.0,F,55 +
0.0,0.0,M,35 - 54
0.0,0.0,M,35 - 54
33.23,196.63333333333333,F,35 - 54
8.71,49.25,M,18 - 34
83.76,375.3666666666667,M,35 - 54
6.92,48.0,F,35 - 54
51.760000000000005,366.0333333333333,F,35 - 54
34.55,190.56666666666663,M,35 - 54
108.13,530.6833333333333,M,35 - 54
0.0,0.0,F,35 - 54
0.0,0.0,M,35 - 54
0.0,0.0,M,35 - 54
36.3,283.81666666666666,M,35 - 54
6.63,37.36666666666667,F,18 - 34
58.28,368.0333333333333,F,35 - 54
100.32,550.5166666666667,M,35 - 54
70.76,315.0,M,18 - 34
57.11,337.75,F,55 +
4.1,23.2,M,35 - 54
6.87,54.16666666666666,F,35 - 54
74.98,360.9666666666667,M,18 - 34
25.880000000000003,118.08333333333334,M,18 - 34
38.89,267.8666666666667,M,35 - 54
85.36,396.3666666666667,M,35 - 54
109.908,556.05,M,35 - 54
1.48,8.983333333333333,M,35 - 54
0.0,0.0,M,18 - 34
0.0,0.0,F,35 - 54
76.599,335.9666666666667,M,18 - 34
89.24,371.45,M,18 - 34
55.44,312.4,M,35 - 54
15.81,89.0,M,35 - 54
20.25,201.05,F,35 - 54
0.0,0.0,F,35 - 54
105.44,532.8666666666667,F,18 - 34
0.0,0.0,F,18 - 34
20.41,106.38333333333333,M,18 - 34
6.44,61.08333333333333,F,18 - 34
0.0,0.0,M,55 +
45.35,229.3333333333333,M,35 - 54
82.92,398.15,M,18 - 34
82.49,525.8,M,35 - 54
41.43,237.0,M,35 - 54
85.95,417.4,M,35 - 54
0.0,0.0,M,18 - 34
5.06,27.316666666666663,F,35 - 54
33.64,167.25,M,18 - 34
37.42,170.8,M,35 - 54
17.060000000000002,83.08333333333333,M,18 - 34
0.0,0.0,M,35 - 54
18.26,96.48333333333332,F,35 - 54
32.37,230.0,F,18 - 34
5.08,38.0,F,18 - 34
10.08,45.95,M,35 - 54
1.93,18.116666666666667,M,35 - 54
16.1,80.0,F,18 - 34
61.99,370.2,M,35 - 54
33.150000000000006,160.75,M,18 - 34
0.0,0.0,M,55 +
0.0,0.0,M,35 - 54
0.0,0.0,M,18 - 34
39.59,281.0,M,35 - 54
38.15,212.8333333333333,F,35 - 54
98.11,532.7333333333333,M,35 - 54
13.96,64.93333333333332,M,35 - 54
88.1,393.95,M,18 - 34
78.12,387.9333333333333,M,35 - 54
0.0,0.0,M,35 - 54
45.14,264.0,M,35 - 54
25.89,134.18333333333334,M,18 - 34
43.18,202.2,M,35 - 54
0.0,0.0,F,35 - 54
10.0,52.95,M,35 - 54
39.3,195.03333333333333,M,18 - 34
0.0,0.0,M,35 - 54
11.9,61.53333333333333,F,18 - 34
0.0,0.0,M,35 - 54
33.28,251.13333333333333,F,35 - 54
49.03,266.0,M,18 - 34
10.38,52.36666666666667,M,18 - 34
15.34,155.45,F,35 - 54
31.75,184.03333333333333,M,35 - 54
0.0,0.0,M,35 - 54
4.96,28.766666666666666,M,55 +
0.0,0.0,M,18 - 34
0.0,0.0,M,35 - 54
20.04,131.88333333333333,M,35 - 54
36.14,210.2,M,18 - 34
11.74,60.0,M,35 - 54
10.15,64.05,M,35 - 54
20.03,97.3,F,18 - 34
0.0,0.0,M,35 - 54
104.87,448.81666666666666,M,18 - 34
54.949,252.66666666666669,M,18 - 34
79.97,349.7166666666667,M,35 - 54
0.0,0.0,M,35 - 54
4.99,20.766666666666666,M,18 - 34
36.51,198.0833333333333,M,35 - 54
15.07,127.85,M,18 - 34
83.099,410.7,M,35 - 54
16.11,87.0,M,18 - 34
26.700000000000003,162.01666666666665,M,18 - 34
63.43,295.0833333333333,F,35 - 54
60.33,371.8,M,35 - 54
62.279,316.1,F,35 - 54
4.21,55.11666666666667,M,35 - 54
0.0,0.0,F,35 - 54
17.92,107.93333333333334,F,18 - 34
0.0,0.0,F,35 - 54
22.5,146.81666666666666,M,55 +
64.56,314.56666666666666,M,35 - 54
46.67,279.45000000000005,F,35 - 54
65.57,340.9833333333333,M,18 - 34
10.8,55.53333333333333,M,35 - 54
70.629,330.96666666666664,F,35 - 54
14.5,98.78333333333332,M,35 - 54
0.0,0.0,M,55 +
66.12,316.18333333333334,M,55 +
0.0,0.0,M,35 - 54
14.059,42.43333333333334,M,35 - 54
0.0,0.0,M,18 - 34
146.97,687.4833333333333,M,35 - 54
0.0,0.0,M,35 - 54
0.0,0.0,M,35 - 54
109.77,708.1833333333334,F,35 - 54
0.0,0.0,M,35 - 54
0.0,0.0,M,18 - 34
91.46,542.8833333333333,M,35 - 54
76.29,437.3,F,35 - 54
39.799,245.06666666666663,F,18 - 34
22.53,144.85,M,35 - 54
42.67,204.4833333333333,M,35 - 54
52.21,259.7333333333333,M,35 - 54
125.929,559.5166666666667,F,18 - 34
10.49,57.2,M,35 - 54
5.26,29.766666666666666,M,35 - 54
54.13,280.8833333333333,M,18 - 34
102.39,492.9,M,35 - 54
27.72,155.23333333333335,M,18 - 34
48.86,194.63333333333333,M,35 - 54
0.0,0.0,F,35 - 54
20.06,111.0,M,55 +
49.539,242.28333333333333,F,18 - 34
40.43,246.4833333333333,F,35 - 54
50.24,281.4833333333333,M,35 - 54
20.15,123.05,F,55 +
41.549,236.5833333333333,M,35 - 54
0.0,0.0,M,55 +
25.6,120.45,M,35 - 54
10.99,58.16666666666666,M,18 - 34
29.96,156.41666666666669,F,35 - 54
42.6,194.0,M,35 - 54
0.0,0.0,M,18 - 34
34.5,140.36666666666667,M,18 - 34
40.37,176.23333333333335,M,35 - 54
109.19,560.8666666666667,M,55 +
16.46,89.41666666666667,M,18 - 34
81.97,410.6666666666667,M,35 - 54
0.0,0.0,F,18 - 34
26.8,146.41666666666669,F,35 - 54
117.22,618.0,M,35 - 54
0.0,0.0,M,18 - 34
31.99,173.93333333333334,M,55 +
47.34,296.45,M,55 +
72.96000000000001,347.0833333333333,M,35 - 54
34.77,223.66666666666669,M,35 - 54
51.99,324.0,M,35 - 54
71.67,321.43333333333334,M,18 - 34
14.330000000000002,116.4,F,18 - 34
0.0,0.0,M,18 - 34
17.55,104.86666666666667,F,35 - 54
35.38,163.88333333333333,M,18 - 34
0.0,0.0,M,35 - 54
36.09,215.46666666666667,M,18 - 34
43.48,235.05,M,18 - 34
4.84,25.366666666666667,M,18 - 34
89.06,422.05,M,35 - 54
0.0,0.0,M,35 - 54
39.64,225.75,F,35 - 54
22.69,124.88333333333334,F,35 - 54
65.53,451.7,M,35 - 54
57.510000000000005,367.4333333333333,M,18 - 34
3.35,20.316666666666663,M,18 - 34
0.0,0.0,M,18 - 34
30.93,176.64999999999998,M,55 +
6.41,32.333333333333336,M,18 - 34
6.78,37.7,F,18 - 34
0.0,0.0,M,35 - 54
34.29,145.23333333333335,M,35 - 54
0.0,0.0,M,35 - 54
65.91,292.2333333333333,M,18 - 34
68.35,285.1666666666667,M,18 - 34
41.17,174.0,M,18 - 34
21.880000000000003,116.1,M,55 +
73.94,391.8833333333333,M,18 - 34
16.66,168.35,M,35 - 54
10.64,49.43333333333333,M,35 - 54
73.41,379.58333333333337,M,35 - 54
0.0,0.0,M,35 - 54
42.03,199.01666666666668,M,18 - 34
13.46,83.13333333333333,M,55 +
54.52,308.55,M,35 - 54
44.32,227.65,F,18 - 34
0.0,0.0,M,35 - 54
21.58,117.33333333333331,F,35 - 54
29.03,137.96666666666667,M,35 - 54
61.49,308.31666666666666,M,35 - 54
34.55,198.9333333333333,M,18 - 34
0.0,0.0,M,35 - 54
40.73,381.56666666666666,M,35 - 54
56.19,247.0,M,18 - 34
20.71,127.61666666666667,M,35 - 54
0.0,0.0,M,18 - 34
30.2,204.25,M,35 - 54
5.53,36.18333333333333,M,35 - 54
32.49,205.01666666666665,F,35 - 54
27.130000000000003,160.35,M,35 - 54
0.0,0.0,F,18 - 34
24.51,143.93333333333334,M,35 - 54
20.22,87.58333333333333,M,18 - 34
0.0,0.0,F,35 - 54
58.37,273.95,M,35 - 54
20.01,103.06666666666666,M,35 - 54
35.66,186.25,M,35 - 54
57.32,278.2166666666667,F,18 - 34
70.3,393.56666666666666,F,18 - 34
0.0,0.0,F,35 - 54
47.38,242.56666666666663,M,55 +
37.09,183.7333333333333,M,35 - 54
29.53,141.33333333333334,M,18 - 34
9.63,63.71666666666667,M,35 - 54
0.0,0.0,M,18 - 34
18.53,123.81666666666666,M,35 - 54
37.68,300.0,M,18 - 34
32.83,175.5,M,35 - 54
66.0,318.76666666666665,M,35 - 54
54.55,255.3333333333333,M,35 - 54
0.0,0.0,F,35 - 54
12.88,54.05,M,18 - 34
13.24,67.23333333333333,M,18 - 34
0.0,0.0,M,55 +
16.55,114.01666666666668,M,35 - 54
0.0,0.0,M,18 - 34
76.61,334.6333333333333,M,18 - 34
40.75,219.8,F,18 - 34
0.0,0.0,M,18 - 34
74.88,349.5,M,18 - 34
0.0,0.0,M,35 - 54
17.95,131.78333333333333,M,35 - 54
59.83,273.8833333333333,M,18 - 34
59.559,400.0333333333333,M,55 +
40.38,194.96666666666667,M,35 - 54
14.27,134.28333333333333,M,35 - 54
55.21,233.28333333333333,M,35 - 54
5.1,30.016666666666666,M,55 +
81.03999999999999,349.8833333333333,M,18 - 34
0.0,0.0,M,35 - 54
35.45,181.1833333333333,M,35 - 54
40.93000000000001,299.95,F,55 +
49.61,248.46666666666667,M,18 - 34
75.69,417.56666666666666,F,18 - 34
3.89,24.48333333333333,F,18 - 34
5.68,43.81666666666667,F,35 - 54
10.75,69.0,M,18 - 34
0.0,0.0,M,35 - 54
17.1,86.66666666666666,M,55 +
71.11,323.95,M,18 - 34
41.35,244.2333333333333,M,35 - 54
122.03,494.2166666666667,M,18 - 34
10.5,56.98333333333333,M,35 - 54
49.23,248.05,M,35 - 54
39.36,263.9833333333333,M,55 +
48.31,248.26666666666668,M,35 - 54
64.7,351.0,M,35 - 54
35.34,208.26666666666665,F,35 - 54
28.21,204.0,M,35 - 54
59.53,390.45,F,35 - 54
0.0,0.0,M,18 - 34
15.330000000000002,84.83333333333334,M,35 - 54
5.01,28.15,F,18 - 34
105.599,498.0333333333333,M,18 - 34
88.88000000000001,585.0,M,35 - 54
0.0,0.0,M,35 - 54
6.41,33.71666666666667,M,35 - 54
88.27000000000001,401.01666666666665,M,35 - 54
0.0,0.0,M,35 - 54
0.0,0.0,M,35 - 54
0.0,0.0,M,35 - 54
63.55,344.56666666666666,M,35 - 54
64.31,378.1833333333333,F,55 +
5.05,30.866666666666667,M,55 +
18.52,93.18333333333334,M,35 - 54
104.49,458.01666666666665,M,18 - 34
0.0,0.0,M,35 - 54
27.349,162.21666666666667,M,55 +
34.18,173.0,M,55 +
8.21,46.63333333333333,M,18 - 34
13.2,81.1,F,35 - 54
14.15,69.26666666666667,F,35 - 54
35.4,170.83333333333331,M,35 - 54
5.31,32.233333333333334,F,18 - 34
84.23,382.98333333333335,M,35 - 54
0.0,0.0,F,35 - 54
4.55,30.016666666666666,M,35 - 54
37.4,220.95,F,18 - 34
0.0,0.0,M,35 - 54
44.47,246.8,F,35 - 54
0.0,0.0,F,35 - 54
90.13,430.85,M,35 - 54
34.43,178.14999999999998,M,35 - 54
10.85,58.36666666666667,M,18 - 34
10.7,67.0,M,35 - 54
13.82,90.66666666666666,M,55 +
11.54,94.33333333333334,F,35 - 54
70.27000000000001,345.8666666666667,M,35 - 54
0.0,0.0,M,35 - 54
29.619,197.13333333333333,F,35 - 54
32.75,200.86666666666667,F,35 - 54
0.0,0.0,F,18 - 34
16.380000000000003,90.73333333333332,M,35 - 54
21.34,113.01666666666668,M,55 +
45.22,229.0,M,35 - 54
52.61,256.25,M,18 - 34
0.0,0.0,M,35 - 54
29.81,197.75,F,35 - 54
26.200000000000003,179.18333333333334,M,18 - 34
78.11,537.0,M,35 - 54
63.74,352.81666666666666,M,35 - 54
31.01,175.51666666666668,M,18 - 34
0.0,0.0,F,35 - 54
85.25999999999999,363.7166666666667,M,35 - 54
0.0,0.0,M,35 - 54
89.529,482.01666666666665,M,35 - 54
35.92,208.28333333333333,M,35 - 54
52.02,322.5833333333333,M,35 - 54
31.06,216.41666666666669,F,35 - 54
19.31,135.58333333333334,F,35 - 54
25.63,120.71666666666668,M,35 - 54
17.02,125.28333333333332,M,18 - 34
12.43,85.0,M,35 - 54
8.01,42.15,M,35 - 54
75.249,352.76666666666665,M,35 - 54
23.41,127.93333333333332,M,35 - 54
47.44,236.46666666666667,M,35 - 54
9.07,45.31666666666666,M,35 - 54
14.54,63.150000000000006,M,18 - 34
11.27,51.05,M,18 - 34
72.3,417.1,M,18 - 34
6.85,59.16666666666666,M,35 - 54
74.44,366.4166666666667,M,35 - 54
47.43,233.53333333333333,M,35 - 54
10.52,59.98333333333333,M,18 - 34
11.65,75.0,M,35 - 54
52.84,303.68333333333334,M,18 - 34
23.26,173.53333333333333,F,55 +
34.06,173.73333333333335,M,18 - 34
27.73,153.18333333333334,M,35 - 54
74.369,405.4333333333333,F,35 - 54
7.21,37.583333333333336,M,35 - 54
0.0,0.0,M,55 +
37.14,192.0,M,18 - 34
38.58,265.1333333333333,M,55 +
11.84,74.0,M,35 - 54
99.63,457.01666666666665,M,18 - 34
101.46,579.0333333333333,M,55 +
33.23,186.9333333333333,F,18 - 34
0.0,0.0,F,35 - 54
20.770000000000003,124.11666666666667,M,35 - 54
78.6,396.15,M,18 - 34
0.0,0.0,M,55 +
97.22,412.1833333333333,M,35 - 54
86.43,407.3833333333333,M,35 - 54
93.249,435.4333333333333,M,18 - 34
0.0,0.0,M,35 - 54
118.69,703.0,F,18 - 34
8.08,35.416666666666664,M,35 - 54
14.59,73.88333333333333,M,35 - 54
9.12,46.5,M,18 - 34
37.48,169.76666666666665,M,18 - 34
43.82,235.0,M,35 - 54
61.529,298.71666666666664,M,18 - 34
4.59,30.0,M,35 - 54
0.0,0.0,M,35 - 54
38.54,193.06666666666663,M,35 - 54
20.87,103.31666666666666,M,35 - 54
0.0,0.0,M,55 +
3.71,18.566666666666663,M,18 - 34
0.0,0.0,M,18 - 34
0.0,0.0,M,18 - 34
88.77,423.6333333333333,M,18 - 34
45.54,210.71666666666667,M,18 - 34
17.98,85.73333333333333,M,35 - 54
5.11,21.0,M,35 - 54
44.2,271.51666666666665,M,55 +
0.0,0.0,M,35 - 54
5.0,26.416666666666668,M,35 - 54
23.64,97.21666666666668,M,18 - 34
46.150000000000006,217.1833333333333,M,35 - 54
65.27,394.6166666666667,M,35 - 54
36.26,176.65,M,55 +
50.26,253.9333333333333,M,35 - 54
43.0,270.4833333333333,M,35 - 54
51.47,319.43333333333334,F,18 - 34
0.0,0.0,M,18 - 34
22.31,124.0,M,35 - 54
0.0,0.0,M,35 - 54
34.5,154.15,M,18 - 34
46.95,271.66666666666663,M,55 +
0.0,0.0,M,35 - 54
46.74,241.65,M,35 - 54
10.4,73.38333333333333,M,35 - 54
47.7,227.76666666666665,M,35 - 54
37.93,197.95,M,35 - 54
10.21,56.85,M,55 +
12.0,67.0,M,35 - 54
0.0,0.0,M,18 - 34
139.01,619.95,M,18 - 34
20.63,100.58333333333331,M,18 - 34
0.0,0.0,F,18 - 34
7.79,44.13333333333333,M,35 - 54
26.53,143.41666666666669,M,18 - 34
0.0,0.0,M,18 - 34
20.06,112.41666666666666,M,55 +
44.34,224.91666666666663,M,35 - 54
0.0,0.0,F,35 - 54
7.49,40.516666666666666,M,35 - 54
44.91,275.68333333333334,F,35 - 54
39.19,212.75,F,35 - 54
98.33,440.0,M,35 - 54
42.99,199.55,M,18 - 34
35.18,146.55,M,18 - 34
0.0,0.0,F,35 - 54
63.92,389.75,M,55 +
55.399,290.56666666666666,M,35 - 54
28.12,118.96666666666668,M,35 - 54
20.419,93.81666666666666,M,18 - 34
67.44,347.8833333333333,M,35 - 54
0.0,0.0,M,35 - 54
24.1,106.15,M,35 - 54
56.99,277.4,M,35 - 54
70.15,339.75,M,35 - 54
12.9,68.71666666666667,M,18 - 34
52.69,251.63333333333333,M,35 - 54
0.0,0.0,M,35 - 54
68.39,404.0,F,35 - 54
24.54,127.9,M,35 - 54
21.93,125.61666666666667,M,18 - 34
36.95,175.18333333333334,M,35 - 54
92.75,485.65,M,35 - 54
6.75,35.61666666666667,M,18 - 34
29.33,195.0,F,55 +
23.249,151.48333333333335,F,35 - 54
13.67,109.0,M,35 - 54
44.12,246.41666666666663,M,35 - 54
0.0,0.0,M,18 - 34
0.0,0.0,F,18 - 34
0.0,0.0,M,18 - 34
39.3,232.36666666666667,F,35 - 54
0.0,0.0,M,35 - 54
29.49,156.4,M,18 - 34
52.78,296.43333333333334,M,18 - 34
19.729,105.43333333333334,M,35 - 54
60.56,352.0,M,55 +
55.84,271.4833333333333,M,18 - 34
49.62,305.8833333333333,F,55 +
42.01,292.1166666666667,F,18 - 34
122.57,616.0,M,35 - 54
80.14,392.2833333333333,M,35 - 54
3.57,36.31666666666667,M,35 - 54
0.0,0.0,M,35 - 54
112.03,656.9666666666667,M,35 - 54
13.72,80.68333333333334,M,35 - 54
72.77000000000001,402.1833333333333,M,35 - 54
53.64,327.3333333333333,M,35 - 54
16.619999999999997,73.69999999999999,M,18 - 34
0.0,0.0,M,55 +
25.42,123.75,M,18 - 34
55.7,332.0,M,35 - 54
0.0,0.0,M,35 - 54
0.0,0.0,F,18 - 34
135.069,612.6833333333333,M,18 - 34
4.01,23.016666666666666,M,18 - 34
11.1,66.15,M,55 +
15.19,76.63333333333333,M,35 - 54
13.18,74.53333333333333,M,35 - 54
79.80000000000001,561.05,M,35 - 54
96.87,436.8333333333333,M,18 - 34
5.68,34.06666666666667,M,18 - 34
0.0,0.0,M,18 - 34
7.47,39.53333333333333,M,35 - 54
85.35000000000001,484.2833333333333,M,18 - 34
7.35,40.23333333333333,M,35 - 54
61.16,306.8666666666667,F,18 - 34
27.81,111.85,M,35 - 54
2.69,18.83333333333333,M,35 - 54
98.119,608.7833333333333,M,35 - 54
71.96,355.83333333333337,M,18 - 34
36.99,274.1666666666667,F,35 - 54
0.0,0.0,M,35 - 54
65.14,337.2833333333333,M,35 - 54
15.77,115.66666666666666,M,35 - 54
64.33,329.93333333333334,M,35 - 54
0.0,0.0,M,35 - 54
0.0,0.0,M,35 - 54
19.45,115.48333333333332,M,18 - 34
56.94,310.1333333333333,F,35 - 54
0.0,0.0,M,35 - 54
98.28,451.0,M,18 - 34
22.46,131.0,M,35 - 54
0.0,0.0,M,18 - 34
26.95,128.53333333333333,M,35 - 54
0.0,0.0,M,35 - 54
108.41,585.3166666666666,M,35 - 54
0.0,0.0,M,35 - 54
12.760000000000002,59.21666666666667,F,18 - 34
52.120000000000005,294.18333333333334,F,35 - 54
75.66,350.7,M,35 - 54
0.0,0.0,M,18 - 34
10.23,59.86666666666667,M,35 - 54
0.0,0.0,M,35 - 54
77.08,401.2,M,35 - 54
22.609,125.56666666666666,F,35 - 54
15.3,68.53333333333333,M,18 - 34
97.7,467.75,M,35 - 54
0.0,0.0,M,35 - 54
61.27,305.51666666666665,F,18 - 34
77.12,377.9,F,18 - 34
5.04,29.366666666666667,M,18 - 34
20.76,137.75,F,35 - 54
6.44,42.05,F,35 - 54
0.0,0.0,M,18 - 34
15.43,80.0,M,18 - 34
24.15,103.23333333333332,M,18 - 34
13.15,61.0,F,18 - 34
27.78,141.83333333333334,M,18 - 34
44.78,224.56666666666663,M,35 - 54
45.24,197.3333333333333,M,35 - 54
45.06,281.0,M,18 - 34
5.02,23.816666666666663,M,18 - 34
21.24,137.0,M,18 - 34
50.37,278.15000000000003,M,35 - 54
60.53,259.1166666666667,M,18 - 34
26.11,261.9,F,18 - 34
46.85,232.1,M,35 - 54
29.54,148.38333333333333,M,35 - 54
17.99,98.41666666666669,M,35 - 54
89.65,422.6333333333333,F,18 - 34
0.0,0.0,M,18 - 34
12.64,102.36666666666667,M,18 - 34
0.0,0.0,M,35 - 54
25.91,131.0,M,18 - 34
67.92,325.0,M,35 - 54
30.85,145.0,F,18 - 34
41.67,215.0,M,35 - 54
42.74,258.93333333333334,F,35 - 54
0.0,0.0,M,35 - 54
27.26,184.01666666666665,M,35 - 54
58.580000000000005,282.78333333333336,M,18 - 34
36.71,190.1,F,18 - 34
38.59,190.81666666666663,M,18 - 34
0.0,0.0,M,35 - 54
62.620000000000005,271.8666666666667,M,35 - 54
21.17,119.56666666666666,M,35 - 54
0.0,0.0,F,18 - 34
0.0,0.0,F,18 - 34
24.15,139.13333333333333,F,18 - 34
80.64999999999999,491.4333333333333,M,35 - 54
43.81,259.5833333333333,M,35 - 54
68.87,327.2,M,35 - 54
15.81,133.0,F,18 - 34
32.28,166.88333333333333,M,18 - 34
54.59,280.3833333333333,M,35 - 54
27.27,170.75,F,35 - 54
47.11,242.1833333333333,F,35 - 54
0.0,0.0,M,35 - 54
31.130000000000003,207.53333333333333,F,35 - 54
22.38,127.96666666666668,M,18 - 34
74.0,316.56666666666666,M,18 - 34
0.0,0.0,M,18 - 34
38.249,183.6833333333333,M,35 - 54
10.0,59.46666666666667,M,35 - 54
50.2,261.76666666666665,M,35 - 54
0.0,0.0,M,35 - 54
0.0,0.0,M,18 - 34
70.64,376.6666666666667,M,35 - 54
114.68,482.81666666666666,M,18 - 34
51.48,313.0,M,35 - 54
0.0,0.0,F,18 - 34
0.0,0.0,M,35 - 54
0.0,0.0,M,35 - 54
78.66,394.8333333333333,M,35 - 54
3.21,24.316666666666663,M,35 - 54
4.83,35.45,F,35 - 54
94.51,505.15,M,35 - 54
42.38,201.0833333333333,M,35 - 54
35.88,290.0,M,35 - 54
35.35,167.93333333333334,M,18 - 34
0.0,0.0,F,18 - 34
84.96000000000001,452.06666666666666,M,18 - 34
68.77,352.1,M,35 - 54
18.02,87.78333333333333,M,35 - 54
13.51,68.31666666666666,M,35 - 54
13.48,69.55,F,18 - 34
21.09,113.0,F,18 - 34
58.1,307.2333333333333,M,55 +
0.0,0.0,F,35 - 54
98.07,657.0,M,55 +
40.2,252.0,M,35 - 54
52.89,269.45,M,18 - 34
2.83,16.2,M,35 - 54
0.0,0.0,M,35 - 54
0.0,0.0,F,18 - 34
61.779,291.8333333333333,M,35 - 54
0.0,0.0,F,18 - 34
100.22,535.9666666666667,F,18 - 34
26.41,407.0,M,35 - 54
7.51,47.35,M,18 - 34
94.43,438.9333333333333,M,18 - 34
0.0,0.0,M,18 - 34
59.120000000000005,270.06666666666666,M,35 - 54
79.13,398.06666666666666,M,18 - 34
72.149,412.4500000000001,M,35 - 54
0.0,0.0,M,18 - 34
56.010000000000005,218.45,M,35 - 54
24.37,154.23333333333335,F,18 - 34
15.52,70.75,M,35 - 54
43.42,207.2,M,55 +
6.28,32.766666666666666,M,18 - 34
0.0,0.0,F,35 - 54
13.1,72.18333333333334,M,35 - 54
0.0,0.0,M,35 - 54
8.0,39.91666666666666,M,55 +
49.14,510.3666666666667,F,35 - 54
66.34,343.25,M,35 - 54
44.32,207.56666666666663,M,18 - 34
89.07,415.01666666666665,M,18 - 34
77.50999999999999,629.6666666666666,F,55 +
79.76,370.05,M,35 - 54
91.1,543.0666666666666,M,35 - 54
0.0,0.0,M,18 - 34
70.62,356.1333333333333,M,35 - 54
35.42,210.95,M,35 - 54
0.0,0.0,M,55 +
2.2,18.65,F,35 - 54
18.05,87.11666666666667,M,18 - 34
44.74,245.96666666666667,M,55 +
0.0,0.0,M,35 - 54
22.9,144.0,M,18 - 34
16.3,114.28333333333332,M,35 - 54
9.67,41.13333333333333,M,18 - 34
0.0,0.0,M,35 - 54
52.28,250.0,M,35 - 54
69.14,341.7333333333333,M,35 - 54
8.79,56.35,M,35 - 54
37.71,213.7333333333333,F,18 - 34
4.059,27.53333333333333,F,18 - 34
28.43,178.9,F,35 - 54
74.75,360.6166666666667,M,18 - 34
37.39,194.01666666666668,M,18 - 34
0.0,0.0,M,35 - 54
10.41,50.93333333333333,M,35 - 54
0.0,0.0,M,18 - 34
28.57,175.5,F,35 - 54
5.58,27.73333333333333,M,18 - 34
5.56,48.05,M,35 - 54
35.010000000000005,169.63333333333333,M,35 - 54
12.12,75.0,F,18 - 34
0.0,0.0,M,18 - 34
30.87,163.71666666666667,M,55 +
0.0,0.0,M,18 - 34
109.79,551.1,M,18 - 34
15.05,69.43333333333334,M,18 - 34
0.0,0.0,M,35 - 54
60.0,293.81666666666666,M,18 - 34
88.47999999999999,461.3666666666667,F,35 - 54
4.56,25.23333333333333,M,35 - 54
15.02,85.0,M,35 - 54
47.069,225.96666666666667,M,35 - 54
0.0,0.0,F,35 - 54
0.0,0.0,M,35 - 54
62.19,323.55,M,18 - 34
5.95,34.9,M,35 - 54
16.05,92.0,M,35 - 54
2.71,20.3,M,35 - 54
5.84,33.3,M,35 - 54
86.49799999999999,397.56666666666666,M,18 - 34
29.13,153.01666666666665,M,35 - 54
0.0,0.0,M,35 - 54
5.07,38.583333333333336,F,18 - 34
0.0,0.0,M,35 - 54
48.6,239.06666666666663,M,35 - 54
15.37,78.44999999999999,M,35 - 54
17.08,98.35,M,35 - 54
18.5,120.03333333333332,M,35 - 54
17.759999999999998,83.93333333333334,M,18 - 34
